image_id,healthy,multiple_diseases,rust,scab
Test_0,0.4674065,0.10636044,0.076290786,0.34994236
Test_1,0.46426842,0.11042122,0.07628866,0.34902164
Test_2,0.46491864,0.10758943,0.07636472,0.35112715
Test_3,0.47283658,0.10708732,0.07358524,0.34649086
Test_4,0.4598712,0.115147285,0.08129603,0.3436855
Test_5,0.46589112,0.11041868,0.07376897,0.3499213
Test_6,0.46915182,0.11002921,0.07422522,0.34659377
Test_7,0.46537197,0.11234974,0.074871264,0.34740707
Test_8,0.46702585,0.10637883,0.075019136,0.35157618
Test_9,0.46945038,0.10778883,0.07341298,0.3493478
Test_10,0.48439515,0.10492338,0.07363875,0.3370427
Test_11,0.47163162,0.10663117,0.07399056,0.34774664
Test_12,0.46904898,0.10759738,0.07420013,0.34915346
Test_13,0.46557188,0.107524104,0.074903265,0.35200077
Test_14,0.48507065,0.09418127,0.07566963,0.3450784
Test_15,0.4718839,0.110510506,0.07533083,0.34227487
Test_16,0.4684688,0.1055392,0.07184464,0.35414737
Test_17,0.46800962,0.104617946,0.07528937,0.35208312
Test_18,0.4631537,0.10744623,0.07578174,0.35361838
Test_19,0.45825842,0.111457705,0.08088902,0.3493949
Test_20,0.46433955,0.11128396,0.0736355,0.35074103
Test_21,0.4670169,0.105556615,0.07341985,0.3540066
Test_22,0.45452824,0.11325556,0.08132482,0.35089138
Test_23,0.4676048,0.106489465,0.072852634,0.35305318
Test_24,0.4602031,0.109410755,0.075617924,0.3547683
Test_25,0.46663803,0.10474136,0.07331556,0.35530502
Test_26,0.4688349,0.11089191,0.074249275,0.34602392
Test_27,0.46437934,0.10551756,0.073963225,0.35613984
Test_28,0.48976153,0.10982139,0.072664954,0.32775223
Test_29,0.4626416,0.11118449,0.07636125,0.3498127
Test_30,0.46498886,0.112174824,0.07640261,0.34643373
Test_31,0.4665395,0.109704904,0.07696562,0.34679
Test_32,0.46018806,0.11095637,0.07517987,0.3536757
Test_33,0.4646084,0.10800185,0.0742647,0.35312507
Test_34,0.46289158,0.106520355,0.07397365,0.35661447
Test_35,0.46351984,0.110866025,0.075500354,0.35011378
Test_36,0.46466807,0.11829437,0.07907511,0.33796245
Test_37,0.46847925,0.10907066,0.07562419,0.34682587
Test_38,0.4723277,0.109638594,0.07573276,0.34230098
Test_39,0.46200484,0.11215698,0.07894253,0.34689564
Test_40,0.45888346,0.11225322,0.07871957,0.35014376
Test_41,0.4676816,0.12273098,0.08313158,0.3264559
Test_42,0.46692494,0.10870881,0.0740849,0.35028136
Test_43,0.46143213,0.11155644,0.075742655,0.35126877
Test_44,0.4716704,0.104705416,0.07335269,0.3502715
Test_45,0.47577393,0.09963557,0.07431016,0.35028037
Test_46,0.47394407,0.10656905,0.074342944,0.34514394
Test_47,0.4543511,0.118124254,0.08399068,0.34353393
Test_48,0.45377773,0.12325641,0.08385941,0.33910638
Test_49,0.47156847,0.11389668,0.08039756,0.33413732
Test_50,0.47617167,0.10201252,0.07379505,0.34802073
Test_51,0.4644488,0.11501383,0.07597062,0.34456673
Test_52,0.45889255,0.12130605,0.08083833,0.3389631
Test_53,0.45913842,0.11761254,0.08151799,0.34173107
Test_54,0.4657079,0.1099517,0.07542144,0.34891897
Test_55,0.4697838,0.10390472,0.07445913,0.35185236
Test_56,0.46668583,0.11045057,0.07359999,0.3492636
Test_57,0.46294245,0.11174445,0.07755996,0.34775323
Test_58,0.47071505,0.108329594,0.07438924,0.34656614
Test_59,0.46260384,0.10699915,0.075355515,0.35504144
Test_60,0.4625377,0.109448224,0.07399703,0.354017
Test_61,0.47532883,0.10581464,0.07432247,0.3445341
Test_62,0.47236553,0.1082037,0.07320021,0.34623054
Test_63,0.46520954,0.108206786,0.076204106,0.3503796
Test_64,0.46350515,0.113887064,0.07467192,0.34793583
Test_65,0.4598941,0.117772035,0.07769921,0.34463465
Test_66,0.46485028,0.1091071,0.07268462,0.35335803
Test_67,0.4603533,0.11254928,0.07855552,0.34854195
Test_68,0.46650973,0.10584862,0.07527161,0.3523701
Test_69,0.46775115,0.10401267,0.07783528,0.35040087
Test_70,0.47166768,0.10274306,0.07304367,0.3525455
Test_71,0.47718647,0.10924933,0.07886956,0.33469468
Test_72,0.4667373,0.1094016,0.07468505,0.34917605
Test_73,0.48354945,0.103004,0.07419517,0.3392514
Test_74,0.4664156,0.107485116,0.07432144,0.3517779
Test_75,0.46497437,0.11218804,0.07798705,0.3448506
Test_76,0.4665577,0.10813622,0.074468285,0.3508378
Test_77,0.46371076,0.11036537,0.07842952,0.34749433
Test_78,0.46915928,0.10502515,0.07428026,0.35153535
Test_79,0.47036546,0.10581563,0.07305921,0.35075969
Test_80,0.46322447,0.112243816,0.07697838,0.34755337
Test_81,0.46171877,0.110064544,0.07846204,0.34975472
Test_82,0.4643124,0.11927947,0.07838137,0.3380268
Test_83,0.46040088,0.110871725,0.08026495,0.34846246
Test_84,0.46520913,0.109353945,0.07409365,0.3513434
Test_85,0.47088262,0.11032968,0.07320604,0.34558168
Test_86,0.45587733,0.11384707,0.074918754,0.35535684
Test_87,0.46980605,0.12131383,0.07264245,0.33623764
Test_88,0.4649957,0.112609915,0.074419245,0.34797508
Test_89,0.47425473,0.10513992,0.07174868,0.34885666
Test_90,0.46529955,0.10660177,0.07996108,0.34813756
Test_91,0.47214407,0.10721665,0.073065914,0.34757343
Test_92,0.4651781,0.10860748,0.07409637,0.35211805
Test_93,0.46433806,0.102091596,0.08523855,0.34833175
Test_94,0.47060946,0.10805679,0.07480652,0.34652725
Test_95,0.46538535,0.10756366,0.07475059,0.35230038
Test_96,0.4626418,0.10715333,0.07567972,0.35452515
Test_97,0.4716853,0.107306145,0.07398876,0.34701982
Test_98,0.47057402,0.104352355,0.0751232,0.34995034
Test_99,0.4738586,0.11353738,0.07356139,0.3390426
Test_100,0.4733502,0.11005054,0.07446016,0.34213918
Test_101,0.4786518,0.10590454,0.073751174,0.34169248
Test_102,0.46527052,0.10784709,0.075391635,0.35149077
Test_103,0.4732962,0.10426075,0.07459116,0.34785187
Test_104,0.46205354,0.119107686,0.07730552,0.3415332
Test_105,0.4662994,0.10972191,0.072922684,0.35105598
Test_106,0.46795562,0.1048698,0.074645855,0.35252866
Test_107,0.45431182,0.109867945,0.078866065,0.35695407
Test_108,0.46549857,0.10859772,0.074667364,0.3512364
Test_109,0.48331547,0.09560745,0.07570867,0.34536842
Test_110,0.48080805,0.10883519,0.07345304,0.33690378
Test_111,0.47820255,0.10004567,0.07279451,0.34895724
Test_112,0.4606025,0.12130412,0.08066804,0.33742535
Test_113,0.4658423,0.105466925,0.07492896,0.3537618
Test_114,0.46641386,0.1028464,0.07619727,0.3545424
Test_115,0.46267664,0.11805554,0.074997194,0.34427062
Test_116,0.45900503,0.11545971,0.08016187,0.34537336
Test_117,0.46966648,0.11444808,0.077303424,0.33858204
Test_118,0.45828408,0.11819952,0.08289171,0.34062463
Test_119,0.47585106,0.103835285,0.07408249,0.34623116
Test_120,0.4696503,0.109443896,0.075579755,0.34532604
Test_121,0.46108744,0.11625747,0.079837464,0.34281766
Test_122,0.45733985,0.118487835,0.079570405,0.3446019
Test_123,0.4617118,0.11147195,0.08401836,0.34279785
Test_124,0.46540275,0.10709338,0.07254275,0.3549612
Test_125,0.46837157,0.10398604,0.07647786,0.35116458
Test_126,0.4667322,0.106833935,0.07341457,0.35301933
Test_127,0.4639047,0.10810206,0.07515496,0.3528383
Test_128,0.47058132,0.10653987,0.07480162,0.34807724
Test_129,0.45962638,0.11153819,0.07621562,0.3526199
Test_130,0.46944502,0.108290456,0.07363389,0.34863058
Test_131,0.4612026,0.11129935,0.07509147,0.35240665
Test_132,0.47479543,0.106834196,0.07204077,0.34632963
Test_133,0.46616617,0.1087754,0.07384227,0.35121617
Test_134,0.4674501,0.10751239,0.07545052,0.34958696
Test_135,0.46303046,0.11220105,0.075916566,0.34885192
Test_136,0.46668822,0.10959167,0.07383111,0.34988898
Test_137,0.46145573,0.11243211,0.08788001,0.3382322
Test_138,0.46904978,0.11193548,0.0774897,0.34152514
Test_139,0.46913576,0.103841715,0.07293576,0.3540868
Test_140,0.4679389,0.10658683,0.07584891,0.3496253
Test_141,0.46621862,0.10777336,0.07563382,0.35037422
Test_142,0.46710855,0.112537175,0.07386176,0.3464925
Test_143,0.46788046,0.11014918,0.075526156,0.34644416
Test_144,0.4656073,0.11028788,0.074258015,0.34984684
Test_145,0.47399595,0.10614148,0.07258737,0.34727526
Test_146,0.47135338,0.10578074,0.07551991,0.34734595
Test_147,0.463293,0.11642323,0.07667533,0.34360844
Test_148,0.46789715,0.11064351,0.07356316,0.34789616
Test_149,0.45468518,0.11681153,0.07876054,0.34974274
Test_150,0.47179613,0.10431491,0.07093443,0.35295454
Test_151,0.45784336,0.11473892,0.08146144,0.34595624
Test_152,0.46884078,0.109346665,0.07844666,0.34336585
Test_153,0.4622039,0.10973693,0.07554781,0.35251138
Test_154,0.46770102,0.10039484,0.07426677,0.35763735
Test_155,0.45687395,0.10538283,0.07932864,0.3584145
Test_156,0.46028733,0.10746775,0.07602753,0.35621738
Test_157,0.47037196,0.10959625,0.07657778,0.34345394
Test_158,0.46521148,0.11196922,0.07397895,0.34884036
Test_159,0.45244807,0.12145697,0.080949455,0.34514552
Test_160,0.46480155,0.10665626,0.07306627,0.35547602
Test_161,0.46774313,0.109030545,0.07417703,0.34904936
Test_162,0.46410877,0.10891999,0.07950643,0.34746486
Test_163,0.4679713,0.1132499,0.07487174,0.34390715
Test_164,0.46832216,0.11066884,0.07504677,0.34596223
Test_165,0.4695424,0.10947736,0.074841544,0.3461387
Test_166,0.47812998,0.104582064,0.077243164,0.3400448
Test_167,0.46210185,0.12297374,0.084665075,0.33025932
Test_168,0.4584054,0.106226094,0.07595193,0.3594166
Test_169,0.46337032,0.10836035,0.07782478,0.3504445
Test_170,0.46593356,0.10671756,0.07419371,0.35315526
Test_171,0.47896415,0.107709445,0.07726005,0.3360663
Test_172,0.45913377,0.11675237,0.0821134,0.34200054
Test_173,0.4546174,0.1136673,0.08766951,0.34404573
Test_174,0.4644551,0.103184424,0.075336374,0.3570241
Test_175,0.46292692,0.10982572,0.075068705,0.35217872
Test_176,0.45483878,0.11641987,0.07979615,0.34894526
Test_177,0.46702027,0.10807348,0.07472159,0.35018465
Test_178,0.46262965,0.10797634,0.07606741,0.35332662
Test_179,0.46251506,0.11661206,0.076977685,0.34389514
Test_180,0.45278224,0.11614777,0.08084445,0.35022548
Test_181,0.4637169,0.10952207,0.07514759,0.35161343
Test_182,0.45815465,0.12005414,0.078149095,0.3436421
Test_183,0.46589774,0.10931287,0.07501113,0.34977823
Test_184,0.47403187,0.104039155,0.07375232,0.3481767
Test_185,0.4655961,0.106195495,0.07524672,0.3529616
Test_186,0.49043435,0.09627445,0.07172687,0.34156436
Test_187,0.46097594,0.1067118,0.078233615,0.3540786
Test_188,0.4718937,0.10719948,0.07935348,0.34155336
Test_189,0.47399586,0.10328689,0.075328626,0.34738868
Test_190,0.4632213,0.11749471,0.07626951,0.3430144
Test_191,0.45859414,0.11433568,0.082345456,0.34472468
Test_192,0.46856967,0.110146895,0.07764367,0.3436397
Test_193,0.47111285,0.10352001,0.080403775,0.34496337
Test_194,0.44584587,0.10788061,0.086877294,0.3593962
Test_195,0.47190258,0.10133042,0.072716795,0.35405022
Test_196,0.4666709,0.109022684,0.07295935,0.3513471
Test_197,0.47393614,0.107095435,0.07095074,0.34801766
Test_198,0.4645373,0.110509165,0.07426925,0.3506843
Test_199,0.46659115,0.10634798,0.07595012,0.35111076
Test_200,0.47322917,0.10394791,0.07245629,0.35036665
Test_201,0.46072257,0.110894136,0.0745299,0.35385346
Test_202,0.46668786,0.097523734,0.07767871,0.35810968
Test_203,0.4573544,0.12227001,0.07983465,0.34054086
Test_204,0.46097016,0.110621095,0.07717598,0.35123274
Test_205,0.4665366,0.10849973,0.074375674,0.35058808
Test_206,0.46896207,0.10697436,0.07371888,0.3503446
Test_207,0.46484843,0.11179976,0.076060764,0.3472911
Test_208,0.49304834,0.09846368,0.0746445,0.3338434
Test_209,0.45075935,0.11817564,0.08616328,0.34490183
Test_210,0.47177795,0.11111734,0.07560882,0.34149587
Test_211,0.46170133,0.11275344,0.07561686,0.34992835
Test_212,0.46851492,0.11552784,0.075996235,0.33996093
Test_213,0.4725684,0.104458466,0.07186836,0.35110477
Test_214,0.43563607,0.12709543,0.09126223,0.34600627
Test_215,0.46492118,0.10412539,0.072907366,0.35804605
Test_216,0.47282502,0.10962444,0.073225796,0.34432468
Test_217,0.46442336,0.11229891,0.07514654,0.34813118
Test_218,0.46804643,0.1066327,0.0737377,0.35158318
Test_219,0.47478217,0.109034464,0.075712904,0.34047043
Test_220,0.46386638,0.109645285,0.075506315,0.350982
Test_221,0.46810472,0.105078064,0.07484711,0.35197014
Test_222,0.46803907,0.105629474,0.07746256,0.34886894
Test_223,0.4450166,0.1312089,0.08789324,0.33588132
Test_224,0.4735445,0.101343855,0.07850028,0.34661138
Test_225,0.47522366,0.1107784,0.07496537,0.33903256
Test_226,0.45907724,0.11604172,0.07689981,0.34798124
Test_227,0.4703743,0.10580051,0.07396851,0.34985664
Test_228,0.47211403,0.10413619,0.07999431,0.34375542
Test_229,0.47178674,0.09700487,0.08211069,0.3490976
Test_230,0.46334904,0.10687987,0.0743379,0.35543323
Test_231,0.46044338,0.109084554,0.076035924,0.35443613
Test_232,0.470674,0.10831723,0.07500975,0.34599906
Test_233,0.47445944,0.10986256,0.07449379,0.34118426
Test_234,0.467518,0.1071434,0.07531187,0.35002676
Test_235,0.46440685,0.10604985,0.07632224,0.35322106
Test_236,0.4663341,0.10914138,0.0752771,0.3492475
Test_237,0.46486583,0.105401866,0.07515421,0.35457814
Test_238,0.46328312,0.10539765,0.075084336,0.35623488
Test_239,0.45959103,0.116599746,0.07608217,0.3477271
Test_240,0.46387368,0.10458296,0.080916956,0.35062644
Test_241,0.456351,0.11126779,0.07621633,0.35616484
Test_242,0.46368694,0.10786927,0.076130025,0.35231376
Test_243,0.47921994,0.103336126,0.074293055,0.34315088
Test_244,0.4700896,0.102954015,0.07565996,0.35129645
Test_245,0.46399263,0.10981568,0.07760971,0.3485819
Test_246,0.46379098,0.11028762,0.075934626,0.34998673
Test_247,0.46616286,0.10734695,0.074633986,0.35185614
Test_248,0.46420085,0.108893394,0.07515476,0.35175097
Test_249,0.4634385,0.10721168,0.077237114,0.3521127
Test_250,0.4697918,0.10898766,0.07378206,0.34743848
Test_251,0.47132954,0.106927834,0.07247119,0.34927142
Test_252,0.4709071,0.09189046,0.07897092,0.35823157
Test_253,0.47179928,0.1057074,0.072605744,0.34988758
Test_254,0.46879613,0.105217114,0.07444128,0.3515455
Test_255,0.46917439,0.11218202,0.07607169,0.34257188
Test_256,0.47537458,0.10377413,0.07211073,0.3487405
Test_257,0.47520158,0.10630011,0.07293944,0.3455589
Test_258,0.46603435,0.10702,0.07531521,0.35163042
Test_259,0.45830402,0.10630672,0.07528473,0.36010462
Test_260,0.46704715,0.1081999,0.07341015,0.35134274
Test_261,0.4615125,0.114314176,0.07873524,0.34543812
Test_262,0.47383386,0.107459344,0.07412353,0.34458327
Test_263,0.4643738,0.11070588,0.074332565,0.35058773
Test_264,0.4738446,0.1044923,0.072900884,0.34876224
Test_265,0.45855245,0.12128742,0.07704276,0.3431174
Test_266,0.47103006,0.10162103,0.07292468,0.3544243
Test_267,0.4814909,0.10145191,0.07228081,0.34477633
Test_268,0.45818707,0.11316301,0.08084399,0.34780592
Test_269,0.46917412,0.10712501,0.07406257,0.34963825
Test_270,0.47090197,0.101952866,0.073726535,0.35341868
Test_271,0.4654261,0.11159346,0.07490905,0.3480714
Test_272,0.4575897,0.11538397,0.0780834,0.34894297
Test_273,0.47645232,0.11092744,0.07584969,0.33677056
Test_274,0.45957533,0.11497185,0.07652909,0.34892383
Test_275,0.46531317,0.105156586,0.07235705,0.35717326
Test_276,0.46567604,0.11117944,0.07734268,0.3458019
Test_277,0.4611732,0.10996287,0.07596943,0.35289446
Test_278,0.46842316,0.10373745,0.074426584,0.3534129
Test_279,0.4645433,0.111213915,0.0752331,0.34900975
Test_280,0.46723625,0.108090825,0.0763019,0.34837097
Test_281,0.47118646,0.10458936,0.0729164,0.3513078
Test_282,0.46732953,0.10580441,0.07498444,0.35188168
Test_283,0.46194372,0.11376566,0.076213196,0.34807745
Test_284,0.46975154,0.10328109,0.07651557,0.35045177
Test_285,0.4665561,0.10093065,0.07462042,0.35789275
Test_286,0.47063935,0.10593439,0.07428408,0.34914222
Test_287,0.46905616,0.10714754,0.073196754,0.35059956
Test_288,0.46580094,0.10671549,0.07517997,0.35230365
Test_289,0.46195522,0.11373792,0.07620684,0.34809998
Test_290,0.46191138,0.10878871,0.07631939,0.35298058
Test_291,0.46544608,0.1064613,0.07579434,0.35229838
Test_292,0.4671355,0.11145105,0.073578775,0.34783465
Test_293,0.46441796,0.11557334,0.07897327,0.3410354
Test_294,0.45834118,0.11005384,0.07946354,0.35214138
Test_295,0.47062308,0.100935884,0.07766362,0.35077736
Test_296,0.46659592,0.111269675,0.07571118,0.3464232
Test_297,0.46350798,0.112018794,0.0750238,0.34944943
Test_298,0.45973974,0.10795246,0.081466354,0.3508415
Test_299,0.46549666,0.108570024,0.074448615,0.35148472
Test_300,0.46416727,0.11200006,0.07611358,0.3477191
Test_301,0.46723375,0.109969,0.07589027,0.34690702
Test_302,0.46406204,0.109079,0.075915046,0.35094392
Test_303,0.46499333,0.1107566,0.07618518,0.34806484
Test_304,0.4663358,0.108494885,0.07236349,0.35280582
Test_305,0.46764788,0.109727085,0.07574328,0.34688172
Test_306,0.46564066,0.10552699,0.07424738,0.3545849
Test_307,0.4692769,0.104747415,0.0715748,0.3544009
Test_308,0.46641758,0.109387346,0.07387158,0.35032347
Test_309,0.46878564,0.10831637,0.075355045,0.34754294
Test_310,0.4574036,0.110135734,0.07680334,0.35565734
Test_311,0.4718788,0.10919372,0.0748631,0.34406447
Test_312,0.45890805,0.110155255,0.07537116,0.35556555
Test_313,0.46599618,0.11262069,0.07734966,0.3440334
Test_314,0.46497127,0.11026686,0.07405077,0.35071117
Test_315,0.45959184,0.11056783,0.07628143,0.35355893
Test_316,0.4619508,0.11149063,0.07451993,0.35203862
Test_317,0.46855676,0.1067674,0.07552582,0.34915003
Test_318,0.46929643,0.10660493,0.07075206,0.35334653
Test_319,0.46145943,0.104789786,0.07947152,0.35427922
Test_320,0.4575441,0.11464927,0.07993883,0.3478678
Test_321,0.47367132,0.1017788,0.07481424,0.34973565
Test_322,0.46706885,0.10754171,0.07454057,0.35084888
Test_323,0.47416434,0.09996679,0.07360659,0.35226235
Test_324,0.44621128,0.12382721,0.08216375,0.34779775
Test_325,0.46818554,0.10660148,0.074650735,0.3505622
Test_326,0.4616249,0.11388206,0.07729234,0.3472007
Test_327,0.4663678,0.11034176,0.074661575,0.34862894
Test_328,0.43547648,0.119912915,0.08835163,0.356259
Test_329,0.4627262,0.11083064,0.07846698,0.34797615
Test_330,0.45573974,0.11335827,0.087372005,0.3435299
Test_331,0.46985418,0.11000853,0.07404625,0.3460911
Test_332,0.47130358,0.10913981,0.07390178,0.3456548
Test_333,0.46468928,0.104428954,0.079877704,0.3510041
Test_334,0.4660879,0.111891165,0.0812388,0.34078217
Test_335,0.48834252,0.10860475,0.07305429,0.32999846
Test_336,0.4717637,0.1024691,0.07595084,0.34981626
Test_337,0.5023332,0.09677499,0.07482381,0.32606792
Test_338,0.4677175,0.106727354,0.07288214,0.35267296
Test_339,0.46235693,0.1134267,0.07741138,0.346805
Test_340,0.4611009,0.11333057,0.077635646,0.34793288
Test_341,0.49339795,0.09811941,0.07129241,0.3371902
Test_342,0.46609795,0.109545656,0.0744104,0.34994605
Test_343,0.46696973,0.10109684,0.07330674,0.35862666
Test_344,0.443081,0.14167556,0.09141251,0.3238309
Test_345,0.47159743,0.10507942,0.07191265,0.3514105
Test_346,0.4481385,0.13708332,0.082642436,0.33213574
Test_347,0.45361668,0.107060365,0.08405653,0.3552664
Test_348,0.46975222,0.10663445,0.0740823,0.34953105
Test_349,0.4603695,0.111181304,0.07621574,0.35223347
Test_350,0.47301176,0.108482495,0.074521385,0.34398437
Test_351,0.4561712,0.113020256,0.07672756,0.35408098
Test_352,0.46550062,0.10471611,0.07430951,0.35547373
Test_353,0.46780854,0.10924825,0.07504818,0.34789497
Test_354,0.45807657,0.11725853,0.07475833,0.34990656
Test_355,0.46222082,0.10585778,0.07278572,0.35913572
Test_356,0.47333875,0.109049834,0.07459084,0.34302053
Test_357,0.47696334,0.10743815,0.075062,0.34053653
Test_358,0.4652215,0.110884756,0.07609033,0.34780338
Test_359,0.46565428,0.103806585,0.07418145,0.3563577
Test_360,0.46712375,0.11020452,0.07400565,0.34866616
Test_361,0.4733722,0.11129609,0.073364645,0.34196708
Test_362,0.46331853,0.1105802,0.07517418,0.35092708
Test_363,0.4724075,0.112103835,0.077969626,0.33751896
Test_364,0.45365378,0.11029372,0.08056084,0.35549167
Test_365,0.46710026,0.11106728,0.07579485,0.34603757
Test_366,0.46551767,0.110774264,0.0797802,0.34392786
Test_367,0.4700601,0.10308546,0.07463011,0.35222435
Test_368,0.46707094,0.10932325,0.07446691,0.34913886
Test_369,0.45994917,0.11101598,0.076259606,0.35277528
Test_370,0.45948508,0.10778766,0.0818465,0.35088068
Test_371,0.46470967,0.10917075,0.077154346,0.34896523
Test_372,0.46373355,0.102881365,0.07585038,0.3575347
Test_373,0.45896873,0.11504567,0.08264765,0.34333795
Test_374,0.4527802,0.11533448,0.07997878,0.3519065
Test_375,0.46443585,0.11158883,0.07561734,0.34835792
Test_376,0.46284625,0.112820856,0.07618855,0.3481443
Test_377,0.47542706,0.103693314,0.0745382,0.3463415
Test_378,0.46523193,0.10846438,0.07829904,0.34800467
Test_379,0.46463352,0.11820006,0.075235255,0.34193116
Test_380,0.46883994,0.11148282,0.07267536,0.3470019
Test_381,0.47073275,0.10943901,0.07553391,0.34429437
Test_382,0.47732034,0.10613774,0.07376162,0.3427803
Test_383,0.4654154,0.10675273,0.07164819,0.35618365
Test_384,0.46052408,0.11702766,0.07998609,0.34246224
Test_385,0.46422064,0.10524657,0.07655772,0.3539751
Test_386,0.46736625,0.11019619,0.07568101,0.34675655
Test_387,0.464969,0.109031565,0.07614066,0.3498588
Test_388,0.46496218,0.11630239,0.0743855,0.34434986
Test_389,0.4735004,0.101633504,0.072328575,0.3525375
Test_390,0.4623781,0.1067369,0.074948505,0.35593656
Test_391,0.46220508,0.10671151,0.08502501,0.34605843
Test_392,0.46507072,0.11112367,0.07615702,0.34764862
Test_393,0.46265852,0.10566314,0.075956956,0.35572135
Test_394,0.4657054,0.10889342,0.0754691,0.34993204
Test_395,0.4649019,0.11088035,0.0799784,0.34423932
Test_396,0.47083965,0.10547401,0.07329282,0.35039356
Test_397,0.46513286,0.104269974,0.07327015,0.357327
Test_398,0.45187956,0.11567688,0.0799628,0.35248077
Test_399,0.46506515,0.10027208,0.07544711,0.35921565
Test_400,0.46418175,0.11305488,0.07749019,0.34527323
Test_401,0.4443675,0.13506469,0.08167325,0.33889455
Test_402,0.46349487,0.11136048,0.07645124,0.34869343
Test_403,0.47003493,0.10805858,0.076381125,0.34552535
Test_404,0.46300358,0.112182446,0.07606375,0.34875017
Test_405,0.46415302,0.10874672,0.07535883,0.35174134
Test_406,0.4660951,0.11009022,0.07452513,0.3492895
Test_407,0.47157153,0.10332704,0.0729494,0.35215196
Test_408,0.47156656,0.109676145,0.07471582,0.34404147
Test_409,0.46564162,0.10958354,0.07727714,0.34749767
Test_410,0.46481127,0.10916971,0.07522864,0.3507904
Test_411,0.4880003,0.100207634,0.072627306,0.3391647
Test_412,0.46585247,0.11185791,0.076238275,0.34605134
Test_413,0.46891677,0.107358575,0.0727262,0.35099852
Test_414,0.45864636,0.11575312,0.082305156,0.34329534
Test_415,0.46148852,0.11260134,0.08322136,0.34268868
Test_416,0.46175444,0.107921,0.07333326,0.35699135
Test_417,0.4627742,0.11305701,0.07859758,0.34557113
Test_418,0.4974493,0.10680418,0.07245037,0.32329613
Test_419,0.46486303,0.110604234,0.075208515,0.34932417
Test_420,0.45797768,0.12119448,0.08057632,0.34025154
Test_421,0.46501344,0.106556326,0.07486201,0.35356823
Test_422,0.46555695,0.11069995,0.07395633,0.34978673
Test_423,0.45158502,0.10773994,0.08823467,0.3524404
Test_424,0.4714233,0.1127366,0.0774017,0.3384384
Test_425,0.4602589,0.10239279,0.0758524,0.3614959
Test_426,0.46099383,0.11237302,0.08060828,0.34602487
Test_427,0.46666485,0.108431034,0.07492932,0.3499748
Test_428,0.46898872,0.11220757,0.07451213,0.3442916
Test_429,0.4610407,0.10446371,0.08406815,0.35042745
Test_430,0.47105676,0.10335684,0.07604374,0.3495427
Test_431,0.46951178,0.10757739,0.073470734,0.3494401
Test_432,0.4732937,0.10194185,0.07153323,0.35323122
Test_433,0.46346086,0.109215096,0.07365281,0.3536713
Test_434,0.46432084,0.1075168,0.07458707,0.35357532
Test_435,0.46095496,0.11017477,0.076247066,0.3526232
Test_436,0.46479416,0.10915043,0.07470305,0.35135233
Test_437,0.4643879,0.10530653,0.07833304,0.35197252
Test_438,0.46971005,0.109170735,0.07600753,0.34511167
Test_439,0.46536633,0.111630276,0.07729859,0.34570473
Test_440,0.47009146,0.10955487,0.08333389,0.3370198
Test_441,0.4657717,0.10922883,0.07443002,0.35056946
Test_442,0.4626219,0.1040158,0.07756643,0.3557958
Test_443,0.46641582,0.10751181,0.07369983,0.35237247
Test_444,0.4675087,0.1089991,0.07394242,0.34954974
Test_445,0.46653286,0.11267266,0.08417922,0.3366153
Test_446,0.47337958,0.107629456,0.074827984,0.34416303
Test_447,0.4711975,0.11219244,0.08092492,0.3356852
Test_448,0.45300892,0.12084062,0.08089061,0.34525985
Test_449,0.46272314,0.113978684,0.07607351,0.3472246
Test_450,0.46993306,0.109641716,0.077721655,0.34270358
Test_451,0.46274683,0.1119614,0.08004112,0.3452506
Test_452,0.4575585,0.115749165,0.07783828,0.348854
Test_453,0.4644658,0.1078457,0.07467847,0.35301
Test_454,0.45028132,0.114298455,0.08331905,0.35210112
Test_455,0.4621673,0.11003271,0.07433227,0.35346773
Test_456,0.46815398,0.102233045,0.07495076,0.3546622
Test_457,0.46292278,0.10970159,0.07695868,0.35041693
Test_458,0.47247976,0.114690885,0.07734578,0.33548358
Test_459,0.45219246,0.11711422,0.07868514,0.3520082
Test_460,0.46961212,0.10373891,0.07440102,0.35224792
Test_461,0.47219542,0.10548503,0.075652726,0.34666678
Test_462,0.45990202,0.112426065,0.07684019,0.35083175
Test_463,0.46289933,0.109803356,0.074482314,0.35281503
Test_464,0.48112342,0.10766646,0.075558536,0.33565164
Test_465,0.45408258,0.12245323,0.08538845,0.33807573
Test_466,0.46142262,0.10939758,0.07704793,0.3521318
Test_467,0.46218145,0.11130696,0.0768651,0.3496465
Test_468,0.4594089,0.11338028,0.07540149,0.35180935
Test_469,0.46337032,0.10905699,0.08166339,0.34590933
Test_470,0.47576734,0.11086043,0.073568165,0.339804
Test_471,0.465288,0.11187525,0.07714979,0.34568697
Test_472,0.46758386,0.10502469,0.074117765,0.35327366
Test_473,0.46978247,0.105716504,0.075283766,0.34921724
Test_474,0.46479717,0.11119076,0.07445701,0.34955508
Test_475,0.4675547,0.10874241,0.07644178,0.34726113
Test_476,0.46103492,0.10882479,0.07467939,0.35546097
Test_477,0.46539685,0.10750601,0.07604961,0.35104755
Test_478,0.45793185,0.11315354,0.074745946,0.35416862
Test_479,0.47891802,0.09534766,0.0745592,0.35117516
Test_480,0.46285245,0.12690908,0.079625286,0.3306133
Test_481,0.46810812,0.105544835,0.07469709,0.3516499
Test_482,0.4591707,0.110786974,0.07327345,0.3567688
Test_483,0.47109607,0.107905075,0.07422726,0.3467716
Test_484,0.4699712,0.108703025,0.07510978,0.34621593
Test_485,0.46836492,0.10155495,0.07246115,0.35761896
Test_486,0.4663398,0.10913898,0.074649006,0.34987223
Test_487,0.46412688,0.106687844,0.074975476,0.3542098
Test_488,0.46640432,0.110007696,0.07638955,0.34719846
Test_489,0.45949647,0.10050906,0.082459465,0.35753503
Test_490,0.4651373,0.10398748,0.07768302,0.35319215
Test_491,0.4682353,0.110278904,0.07543774,0.346048
Test_492,0.4681027,0.106925234,0.07419403,0.35077798
Test_493,0.46884853,0.106032446,0.07417426,0.3509447
Test_494,0.45238137,0.12149738,0.08322175,0.3428995
Test_495,0.46182343,0.10967503,0.07512369,0.35337782
Test_496,0.46867517,0.10319498,0.07355951,0.35457033
Test_497,0.4691137,0.11156954,0.07549949,0.3438172
Test_498,0.46279728,0.111663885,0.07575206,0.34978673
Test_499,0.4574636,0.12959264,0.076803915,0.3361398
Test_500,0.45939782,0.10995442,0.07582289,0.3548249
Test_501,0.4656586,0.109864295,0.07475196,0.34972513
Test_502,0.4695153,0.102856815,0.07351807,0.35410985
Test_503,0.46250373,0.110511124,0.07579161,0.35119352
Test_504,0.46813074,0.10377403,0.07667047,0.35142475
Test_505,0.46870536,0.11496154,0.07510053,0.3412326
Test_506,0.46080983,0.1144906,0.077425756,0.34727386
Test_507,0.45581463,0.11252783,0.07734348,0.3543141
Test_508,0.45071945,0.11373118,0.084490016,0.35105932
Test_509,0.4556311,0.1195635,0.08312337,0.341682
Test_510,0.4625674,0.11403617,0.07626342,0.34713307
Test_511,0.46437678,0.107660405,0.073903866,0.3540589
Test_512,0.4675162,0.10817581,0.0767197,0.3475883
Test_513,0.47378993,0.10806294,0.07122548,0.34692162
Test_514,0.46729553,0.107525125,0.07618769,0.34899166
Test_515,0.45871076,0.11677182,0.08050289,0.34401453
Test_516,0.46447155,0.1183903,0.0781784,0.33895972
Test_517,0.46167368,0.11053084,0.076096795,0.3516987
Test_518,0.46736258,0.10192011,0.07955387,0.35116342
Test_519,0.4685749,0.10619157,0.07582917,0.34940442
Test_520,0.47314003,0.10229046,0.079757266,0.34481224
Test_521,0.4672201,0.1055465,0.075019956,0.35221338
Test_522,0.45621547,0.12026943,0.08020982,0.3433053
Test_523,0.4716916,0.109382056,0.08338749,0.33553883
Test_524,0.47073427,0.108486325,0.074581765,0.34619763
Test_525,0.4583508,0.11071178,0.07879967,0.35213774
Test_526,0.46437445,0.11168522,0.076105215,0.34783506
Test_527,0.47337407,0.10389487,0.07457615,0.34815493
Test_528,0.46301973,0.11357394,0.080859326,0.34254703
Test_529,0.46221033,0.10897394,0.075841784,0.35297394
Test_530,0.46448842,0.10800915,0.07582421,0.3516782
Test_531,0.465111,0.10595535,0.08074746,0.3481862
Test_532,0.46725574,0.10633933,0.07496037,0.35144457
Test_533,0.4684607,0.11058878,0.07537778,0.34557268
Test_534,0.46262154,0.10735062,0.07332298,0.35670486
Test_535,0.45869035,0.11843913,0.08398706,0.33888346
Test_536,0.44660425,0.107221566,0.08525363,0.36092055
Test_537,0.45382008,0.12899606,0.08200559,0.3351783
Test_538,0.46276888,0.11001893,0.07448218,0.35273
Test_539,0.4602134,0.109637044,0.08001868,0.3501309
Test_540,0.4745586,0.10745879,0.07688545,0.34109718
Test_541,0.45941323,0.11036906,0.07793362,0.3522842
Test_542,0.48599532,0.10044939,0.069935046,0.3436203
Test_543,0.46438798,0.11171092,0.07428189,0.34961915
Test_544,0.46543884,0.108819015,0.075235404,0.3505068
Test_545,0.46308476,0.114069894,0.07486554,0.34797978
Test_546,0.4642999,0.10810244,0.074337184,0.3532606
Test_547,0.46485278,0.10848707,0.07562451,0.3510356
Test_548,0.4560988,0.11945573,0.07893778,0.34550774
Test_549,0.46523502,0.108984575,0.07792941,0.347851
Test_550,0.46410546,0.10903627,0.07540465,0.3514536
Test_551,0.4742169,0.107808955,0.0714261,0.34654805
Test_552,0.46324915,0.1051868,0.07676134,0.35480273
Test_553,0.4632455,0.11043333,0.07692652,0.34939468
Test_554,0.46562123,0.110671826,0.073986605,0.34972027
Test_555,0.46827087,0.104449145,0.073346354,0.35393363
Test_556,0.47242862,0.10676299,0.074441336,0.34636703
Test_557,0.464884,0.10940454,0.074872494,0.35083896
Test_558,0.46269476,0.10936323,0.07700484,0.35093716
Test_559,0.4623408,0.11021961,0.073950864,0.35348874
Test_560,0.46083307,0.11766537,0.085253656,0.3362479
Test_561,0.46328,0.11438245,0.07713153,0.34520602
Test_562,0.45706967,0.115118295,0.07749025,0.35032177
Test_563,0.46437955,0.1008558,0.07573887,0.35902575
Test_564,0.4720721,0.10883485,0.07516259,0.3439305
Test_565,0.4650021,0.110217825,0.08693827,0.33784178
Test_566,0.4599791,0.1113729,0.07884748,0.34980056
Test_567,0.46316054,0.11116661,0.07396254,0.3517104
Test_568,0.45296434,0.11020788,0.079512835,0.35731497
Test_569,0.46667644,0.10982343,0.0743107,0.3491895
Test_570,0.46577317,0.10994527,0.07484753,0.34943402
Test_571,0.45420152,0.11848629,0.07663414,0.35067806
Test_572,0.46859282,0.10618064,0.07398217,0.35124442
Test_573,0.46755087,0.10704866,0.07409528,0.35130516
Test_574,0.47264653,0.10829047,0.07458376,0.34447926
Test_575,0.46781877,0.10546713,0.07596751,0.35074654
Test_576,0.4662044,0.10823222,0.07490311,0.3506603
Test_577,0.46214035,0.10978526,0.076062955,0.3520114
Test_578,0.46622235,0.10859144,0.075630724,0.34955558
Test_579,0.46712905,0.110264406,0.071805626,0.35080093
Test_580,0.46496683,0.11476732,0.08084447,0.3394214
Test_581,0.47378927,0.10456184,0.07247921,0.34916964
Test_582,0.46157607,0.11901083,0.07660949,0.34280357
Test_583,0.46928057,0.10564924,0.07687792,0.34819221
Test_584,0.46273357,0.10112921,0.07740484,0.35873243
Test_585,0.46721137,0.10889305,0.07551062,0.348385
Test_586,0.47150937,0.10878637,0.07322745,0.34647685
Test_587,0.4689037,0.11742949,0.077539414,0.3361275
Test_588,0.45812425,0.11144764,0.08182773,0.3486004
Test_589,0.4663456,0.10404461,0.074859664,0.3547501
Test_590,0.47904035,0.11465195,0.077538334,0.3287694
Test_591,0.4581079,0.11529421,0.07747312,0.3491248
Test_592,0.46434778,0.108149275,0.07488971,0.35261324
Test_593,0.4618595,0.11969383,0.08209711,0.33634955
Test_594,0.46658373,0.10615226,0.076891676,0.35037237
Test_595,0.4612574,0.10935244,0.07581905,0.3535711
Test_596,0.45538393,0.11427865,0.076207496,0.35412994
Test_597,0.46949002,0.105716206,0.073169835,0.35162395
Test_598,0.4708222,0.10577037,0.07330564,0.35010177
Test_599,0.4665241,0.10711739,0.0768644,0.34949413
Test_600,0.46374458,0.11135936,0.07973233,0.34516376
Test_601,0.47024456,0.11261968,0.075083,0.3420528
Test_602,0.46807584,0.10729138,0.07506957,0.3495633
Test_603,0.4710201,0.10526051,0.07362574,0.35009366
Test_604,0.46659368,0.110191144,0.07519767,0.34801757
Test_605,0.4680208,0.10808614,0.0741553,0.3497378
Test_606,0.46847716,0.10370575,0.07475239,0.35306466
Test_607,0.46336463,0.111425266,0.07477264,0.35043743
Test_608,0.4644766,0.10570431,0.07570884,0.3541103
Test_609,0.47071922,0.106573,0.07338708,0.34932077
Test_610,0.4680072,0.110026196,0.076099664,0.34586698
Test_611,0.46712208,0.10782444,0.07313455,0.35191894
Test_612,0.46344835,0.11115647,0.075652055,0.34974316
Test_613,0.4630457,0.11152036,0.07518622,0.3502477
Test_614,0.46499497,0.112586774,0.077076845,0.34534147
Test_615,0.4696344,0.103615016,0.07935344,0.34739706
Test_616,0.45993528,0.11200179,0.07474063,0.35332227
Test_617,0.4694705,0.10320459,0.07505697,0.35226792
Test_618,0.46579218,0.108221844,0.07306599,0.3529199
Test_619,0.46752858,0.10636008,0.07489476,0.35121658
Test_620,0.45733076,0.115047544,0.080499806,0.3471218
Test_621,0.46236944,0.10693756,0.07317272,0.35752022
Test_622,0.46306288,0.11100376,0.0767999,0.3491335
Test_623,0.46606594,0.11070839,0.07698009,0.34624553
Test_624,0.45862526,0.1164736,0.08131067,0.3435904
Test_625,0.46731254,0.10382712,0.07363943,0.3552209
Test_626,0.46907955,0.11665102,0.07542027,0.33884916
Test_627,0.46175292,0.10705966,0.07510883,0.35607857
Test_628,0.46720475,0.10887248,0.07464275,0.34928003
Test_629,0.47382268,0.11102778,0.07488612,0.34026334
Test_630,0.47754446,0.10439344,0.07368842,0.34437364
Test_631,0.4628828,0.10651816,0.07509506,0.35550395
Test_632,0.46171308,0.10011255,0.076561354,0.36161312
Test_633,0.46837232,0.10476442,0.0770729,0.34979033
Test_634,0.4669128,0.10884103,0.07327398,0.35097224
Test_635,0.46498555,0.10680342,0.07208412,0.35612693
Test_636,0.477693,0.10420033,0.07374453,0.3443622
Test_637,0.46499756,0.1082177,0.07712368,0.34966105
Test_638,0.49306896,0.0930669,0.07161528,0.34224892
Test_639,0.45497718,0.111885555,0.080531,0.35260624
Test_640,0.46666625,0.10622042,0.07404912,0.35306424
Test_641,0.4706724,0.10042014,0.07533015,0.3535773
Test_642,0.4648568,0.110670894,0.07439948,0.35007277
Test_643,0.46876165,0.110414706,0.073902406,0.3469212
Test_644,0.46428254,0.10911764,0.07555926,0.3510405
Test_645,0.4709168,0.108745515,0.0717199,0.3486178
Test_646,0.45032802,0.1126316,0.0842904,0.35274997
Test_647,0.4600736,0.11334767,0.07647802,0.35010082
Test_648,0.46643668,0.10909141,0.073750906,0.3507211
Test_649,0.4590846,0.112031065,0.07937761,0.34950668
Test_650,0.46225047,0.12079222,0.07922391,0.33773342
Test_651,0.46556315,0.10848035,0.07565745,0.35029912
Test_652,0.46834856,0.11064252,0.07298524,0.34802368
Test_653,0.4772014,0.105337806,0.07203061,0.34543017
Test_654,0.47208613,0.11170795,0.073752925,0.342453
Test_655,0.46373284,0.10876505,0.07505591,0.35244614
Test_656,0.46850917,0.10594272,0.07348296,0.35206524
Test_657,0.45816344,0.11543337,0.084342375,0.3420609
Test_658,0.4812762,0.10245606,0.07298685,0.34328082
Test_659,0.46612746,0.104957,0.07572986,0.35318568
Test_660,0.46157843,0.11344962,0.08216065,0.34281132
Test_661,0.46892402,0.105686106,0.07480999,0.35057986
Test_662,0.46794772,0.1125413,0.07214647,0.3473645
Test_663,0.45243675,0.12413986,0.088848196,0.33457527
Test_664,0.47171432,0.108859316,0.07864641,0.34077996
Test_665,0.47410238,0.1115818,0.075866945,0.33844882
Test_666,0.45803246,0.1187478,0.077994995,0.34522474
Test_667,0.49784297,0.10749025,0.0747697,0.31989703
Test_668,0.4692771,0.10368597,0.07343673,0.3536003
Test_669,0.46643797,0.09529759,0.077496015,0.3607684
Test_670,0.46944502,0.11630008,0.07583058,0.3384243
Test_671,0.4605469,0.11905698,0.080695406,0.3397006
Test_672,0.4684559,0.11292079,0.074638695,0.34398466
Test_673,0.46352518,0.11972872,0.07995161,0.33679453
Test_674,0.45372075,0.11565142,0.087213196,0.34341466
Test_675,0.4983456,0.10265023,0.07394819,0.32505602
Test_676,0.46993428,0.10829498,0.07486834,0.34690237
Test_677,0.46032462,0.11560764,0.076338336,0.34772944
Test_678,0.4678935,0.10199916,0.076289535,0.35381776
Test_679,0.46912155,0.105965495,0.07358331,0.35132977
Test_680,0.46727273,0.10419229,0.075866185,0.3526688
Test_681,0.4690858,0.10606279,0.07264295,0.35220847
Test_682,0.4698809,0.10232862,0.0712237,0.35656676
Test_683,0.4705725,0.10989784,0.07562663,0.34390295
Test_684,0.46666163,0.10767909,0.07456692,0.3510923
Test_685,0.4630894,0.10804181,0.074628174,0.35424057
Test_686,0.46271834,0.10900818,0.076527126,0.35174638
Test_687,0.47120044,0.10423417,0.07459391,0.34997153
Test_688,0.47840643,0.098690234,0.06820829,0.35469502
Test_689,0.46430975,0.11069466,0.073961444,0.35103416
Test_690,0.4679036,0.10206021,0.07464956,0.35538656
Test_691,0.46926436,0.108930536,0.07327823,0.3485269
Test_692,0.46342936,0.124229886,0.08193123,0.3304095
Test_693,0.46591446,0.10368248,0.07348551,0.35691753
Test_694,0.46247977,0.10813689,0.07534013,0.35404316
Test_695,0.46992406,0.10532588,0.073596075,0.35115394
Test_696,0.46583343,0.106636055,0.07584959,0.35168093
Test_697,0.46048343,0.10567634,0.082602866,0.35123742
Test_698,0.46189302,0.10965905,0.074522704,0.35392523
Test_699,0.46100575,0.10938334,0.07586778,0.35374314
Test_700,0.47187126,0.110532425,0.07584135,0.34175503
Test_701,0.47308254,0.10580919,0.074899465,0.34620878
Test_702,0.47004426,0.107608,0.07249362,0.3498541
Test_703,0.4691997,0.10554725,0.07919433,0.3460588
Test_704,0.450736,0.107863955,0.089505546,0.35189453
Test_705,0.45865658,0.11804417,0.082510956,0.3407883
Test_706,0.50049,0.10123333,0.06979056,0.3284861
Test_707,0.4646137,0.10946506,0.07583833,0.35008287
Test_708,0.4687201,0.10540541,0.07286743,0.353007
Test_709,0.45613742,0.113865666,0.08288817,0.34710875
Test_710,0.4605808,0.110670134,0.07805412,0.3506949
Test_711,0.46992433,0.1068495,0.075255185,0.34797096
Test_712,0.46987832,0.10621643,0.074877076,0.3490281
Test_713,0.4570663,0.11038192,0.07717157,0.35538027
Test_714,0.45874965,0.112475455,0.07703875,0.3517362
Test_715,0.46061343,0.11050368,0.08346861,0.34541428
Test_716,0.46459198,0.11115064,0.077687755,0.34656957
Test_717,0.46151513,0.11809942,0.077060536,0.34332496
Test_718,0.47246876,0.103662625,0.07709993,0.3467687
Test_719,0.47362205,0.10981192,0.071362555,0.34520343
Test_720,0.4738128,0.10582383,0.0728761,0.3474873
Test_721,0.4494103,0.122444496,0.08188248,0.3462627
Test_722,0.4550991,0.11358562,0.08288429,0.348431
Test_723,0.46794987,0.108400114,0.072888024,0.350762
Test_724,0.45714724,0.11032533,0.07815366,0.3543737
Test_725,0.4724944,0.104450606,0.07592516,0.34712985
Test_726,0.463535,0.10927656,0.07504549,0.3521429
Test_727,0.4637757,0.11369955,0.074260086,0.34826472
Test_728,0.4699037,0.09635975,0.08471615,0.34902048
Test_729,0.4684161,0.10988289,0.07565763,0.34604338
Test_730,0.46312383,0.11214106,0.07528271,0.34945247
Test_731,0.45502752,0.10898539,0.08281952,0.3531675
Test_732,0.46402836,0.11117473,0.07702364,0.34777325
Test_733,0.47268546,0.10154651,0.07539226,0.35037574
Test_734,0.4653599,0.10923719,0.074152425,0.35125053
Test_735,0.47075766,0.108233556,0.07405556,0.34695318
Test_736,0.4657282,0.109607525,0.07352281,0.35114142
Test_737,0.46654516,0.111341834,0.07479546,0.34731755
Test_738,0.48833576,0.09653358,0.07406345,0.3410672
Test_739,0.4631233,0.10555087,0.078065865,0.35325986
Test_740,0.46439925,0.11313444,0.07381877,0.3486476
Test_741,0.46935093,0.10621432,0.0743228,0.35011187
Test_742,0.47297218,0.10716317,0.073346205,0.34651843
Test_743,0.46634653,0.10836584,0.078475945,0.34681165
Test_744,0.4632546,0.106512696,0.0762639,0.35396883
Test_745,0.471628,0.106594265,0.07458329,0.34719437
Test_746,0.4575196,0.10912125,0.07628509,0.35707408
Test_747,0.47545207,0.105575986,0.07273552,0.3462364
Test_748,0.46330783,0.1089258,0.07532981,0.35243657
Test_749,0.46773717,0.10573262,0.074194886,0.3523353
Test_750,0.46706954,0.10815502,0.074888155,0.34988728
Test_751,0.46230876,0.10268603,0.07681547,0.35818973
Test_752,0.4647002,0.11037155,0.07621129,0.3487169
Test_753,0.4598362,0.11174137,0.08028215,0.34814033
Test_754,0.47505906,0.1013072,0.0758788,0.347755
Test_755,0.4766338,0.10899561,0.076206826,0.33816373
Test_756,0.46374813,0.108614594,0.07678217,0.3508552
Test_757,0.46704957,0.106565975,0.07364962,0.35273477
Test_758,0.46857312,0.105462186,0.07408717,0.3518775
Test_759,0.4631719,0.11452138,0.07397669,0.34833008
Test_760,0.48146263,0.102662444,0.07418364,0.34169123
Test_761,0.4629827,0.09992514,0.07323089,0.36386123
Test_762,0.46576437,0.10999123,0.07623652,0.3480079
Test_763,0.46228066,0.112920225,0.07780792,0.3469912
Test_764,0.4770027,0.105435185,0.073766425,0.34379557
Test_765,0.47226238,0.1058095,0.07467417,0.34725395
Test_766,0.46992975,0.10621907,0.07699648,0.3468547
Test_767,0.4718528,0.10465856,0.07172381,0.35176477
Test_768,0.4630554,0.113067195,0.07612594,0.34775147
Test_769,0.45445812,0.12729117,0.079957396,0.3382933
Test_770,0.46359932,0.10553061,0.07184037,0.35902968
Test_771,0.4608217,0.11819148,0.08088175,0.34010512
Test_772,0.4848263,0.11151316,0.07735314,0.32630733
Test_773,0.44947088,0.12596436,0.08419955,0.34036517
Test_774,0.4716739,0.107566975,0.07222607,0.3485331
Test_775,0.47166896,0.09870281,0.07616232,0.35346594
Test_776,0.4694189,0.107299544,0.07318606,0.35009548
Test_777,0.46940783,0.111835666,0.07417817,0.3445784
Test_778,0.46689433,0.10375545,0.07412777,0.35522243
Test_779,0.46089506,0.10841959,0.076619595,0.35406575
Test_780,0.46660864,0.11282948,0.07544576,0.3451162
Test_781,0.48588014,0.10056491,0.071408175,0.34214675
Test_782,0.46591103,0.11501835,0.07606995,0.34300062
Test_783,0.4591949,0.11906204,0.081526846,0.34021625
Test_784,0.46782795,0.110729404,0.07821328,0.34322932
Test_785,0.49627137,0.10773921,0.074592,0.32139733
Test_786,0.46763536,0.10603794,0.07647,0.34985664
Test_787,0.46372572,0.113840304,0.07485486,0.34757915
Test_788,0.47042102,0.10741211,0.0747183,0.34744862
Test_789,0.46545583,0.107687235,0.07761486,0.34924206
Test_790,0.4605006,0.11657363,0.07627117,0.34665453
Test_791,0.46476442,0.10361442,0.07495835,0.35666287
Test_792,0.47213843,0.1076639,0.07597314,0.34422454
Test_793,0.44759518,0.13964914,0.08796818,0.3247875
Test_794,0.47646382,0.10892242,0.07785262,0.3367611
Test_795,0.4678244,0.10641619,0.07447222,0.3512872
Test_796,0.45334965,0.123506896,0.08175822,0.34138528
Test_797,0.46954224,0.10996787,0.0748318,0.34565812
Test_798,0.45107648,0.12220511,0.08160091,0.3451175
Test_799,0.4615889,0.11536633,0.07881928,0.34422544
Test_800,0.46921244,0.10408965,0.077253565,0.34944433
Test_801,0.46505147,0.11520148,0.075773485,0.34397346
Test_802,0.44755816,0.120680794,0.086843394,0.34491757
Test_803,0.47785544,0.100404665,0.07586891,0.34587097
Test_804,0.4492913,0.11181867,0.0785531,0.3603369
Test_805,0.4501437,0.121781744,0.08118585,0.3468887
Test_806,0.46828938,0.10816706,0.07445782,0.34908572
Test_807,0.46688876,0.10671583,0.07514235,0.35125312
Test_808,0.46550414,0.106091216,0.073822916,0.35458174
Test_809,0.47481135,0.108261555,0.07311578,0.34381136
Test_810,0.46233815,0.11500363,0.08230938,0.34034884
Test_811,0.48173895,0.10426593,0.074382804,0.33961228
Test_812,0.45643437,0.11240514,0.08175307,0.34940743
Test_813,0.47034606,0.10286012,0.07265583,0.35413796
Test_814,0.4670237,0.108210154,0.07444207,0.35032403
Test_815,0.46783984,0.10537834,0.07423099,0.3525508
Test_816,0.46129465,0.10900378,0.07681037,0.35289127
Test_817,0.43687272,0.106751375,0.084390044,0.3719858
Test_818,0.46240056,0.10488015,0.07340107,0.35931832
Test_819,0.4642941,0.11126616,0.07798594,0.34645382
Test_820,0.46758378,0.10656332,0.07546617,0.3503868
Test_821,0.46059182,0.11115266,0.07567156,0.35258386
Test_822,0.4683802,0.110299274,0.07366893,0.3476516
Test_823,0.46625054,0.10655626,0.07355738,0.35363576
Test_824,0.48052096,0.10731041,0.07267701,0.3394917
Test_825,0.4508442,0.11961797,0.08044952,0.34908837
Test_826,0.45756108,0.115376234,0.07848885,0.3485739
Test_827,0.46528932,0.11488112,0.076509416,0.34332016
Test_828,0.48463553,0.10104815,0.077570036,0.33674628
Test_829,0.47042355,0.10724689,0.07428168,0.3480479
Test_830,0.4731302,0.103690505,0.073628694,0.34955058
Test_831,0.45334545,0.1186947,0.08070559,0.34725425
Test_832,0.48140085,0.10613063,0.071936645,0.34053195
Test_833,0.46963814,0.10539925,0.076707914,0.34825468
Test_834,0.46095985,0.119166605,0.07810313,0.34177044
Test_835,0.4710696,0.110243276,0.07790327,0.34078383
Test_836,0.46424642,0.1086653,0.076625176,0.35046315
Test_837,0.46798036,0.11079865,0.07544285,0.34577817
Test_838,0.4738485,0.11134642,0.07403436,0.34077075
Test_839,0.46555838,0.109354846,0.077159435,0.34792727
Test_840,0.46459466,0.10149374,0.07740353,0.35650805
Test_841,0.46662712,0.10682868,0.0753711,0.35117316
Test_842,0.46544075,0.10977422,0.07300572,0.35177925
Test_843,0.45309675,0.117099695,0.082796805,0.34700668
Test_844,0.4787345,0.10317959,0.07198819,0.34609774
Test_845,0.45305339,0.114485905,0.083219774,0.34924096
Test_846,0.47044078,0.10605055,0.073212,0.35029668
Test_847,0.4612508,0.111339435,0.07468842,0.3527213
Test_848,0.46227804,0.112309486,0.07773068,0.34768176
Test_849,0.46695045,0.10924102,0.07493315,0.34887543
Test_850,0.46293846,0.11086163,0.07650373,0.3496962
Test_851,0.46524894,0.11133254,0.07465678,0.34876168
Test_852,0.46552765,0.11026019,0.074891955,0.3493202
Test_853,0.45719758,0.112199776,0.07657023,0.35403246
Test_854,0.46478397,0.10800392,0.07462209,0.35259
Test_855,0.47225294,0.108251445,0.07302532,0.34647024
Test_856,0.46525627,0.10948826,0.07395949,0.35129598
Test_857,0.45977047,0.10486887,0.076656125,0.35870454
Test_858,0.4581688,0.12120217,0.07971709,0.34091195
Test_859,0.47032976,0.10596996,0.07521843,0.3484819
Test_860,0.475508,0.10908616,0.07462026,0.34078556
Test_861,0.46543968,0.11382336,0.07512238,0.34561455
Test_862,0.46482128,0.10801985,0.07656072,0.35059822
Test_863,0.463933,0.108027115,0.074500695,0.3535392
Test_864,0.46190587,0.10773952,0.078939036,0.35141551
Test_865,0.48047924,0.10611857,0.07603652,0.33736575
Test_866,0.458262,0.11778061,0.07974822,0.34420913
Test_867,0.4711284,0.10841916,0.07321335,0.34723908
Test_868,0.467738,0.10425499,0.07687493,0.35113212
Test_869,0.46952316,0.10496932,0.07120071,0.35430682
Test_870,0.46487686,0.10149246,0.0743269,0.35930377
Test_871,0.46375924,0.10798377,0.07478388,0.35347313
Test_872,0.46953973,0.106900685,0.0758517,0.34770787
Test_873,0.46686167,0.109556094,0.07443976,0.34914246
Test_874,0.47386435,0.09913115,0.07519293,0.3518116
Test_875,0.46894363,0.108891234,0.07488783,0.34727734
Test_876,0.46011975,0.11375311,0.07422508,0.35190204
Test_877,0.4662015,0.10834099,0.07382291,0.35163465
Test_878,0.48335057,0.10668541,0.07389893,0.33606514
Test_879,0.46513224,0.10874601,0.07506073,0.35106102
Test_880,0.45590633,0.11871119,0.08731778,0.33806473
Test_881,0.46171713,0.11112398,0.07950544,0.3476535
Test_882,0.45229486,0.120172784,0.07961069,0.3479217
Test_883,0.47359696,0.11134196,0.07455327,0.34050778
Test_884,0.46573648,0.10844496,0.075680725,0.3501379
Test_885,0.48147318,0.10329485,0.0720559,0.34317604
Test_886,0.47496858,0.108941756,0.07256043,0.34352925
Test_887,0.4671949,0.1067018,0.073792696,0.35231054
Test_888,0.4569535,0.12263644,0.08150881,0.3389012
Test_889,0.47024634,0.10318252,0.07582701,0.35074407
Test_890,0.46646884,0.108683825,0.07596364,0.34888378
Test_891,0.46927014,0.1092013,0.075637236,0.34589136
Test_892,0.4654437,0.11567697,0.07748543,0.3413939
Test_893,0.46381202,0.10952238,0.07348584,0.35317984
Test_894,0.4673147,0.10691342,0.07482925,0.3509426
Test_895,0.47695515,0.10798255,0.07425912,0.3408032
Test_896,0.4655217,0.10604814,0.07599148,0.35243866
Test_897,0.4694351,0.105716296,0.07415535,0.35069326
Test_898,0.46797276,0.10737311,0.07459692,0.3500572
Test_899,0.46611488,0.11000581,0.07578116,0.3480981
Test_900,0.46794298,0.10816304,0.07508929,0.34880468
Test_901,0.45910105,0.11277154,0.07704814,0.35107926
Test_902,0.47043434,0.11234315,0.07358954,0.34363294
Test_903,0.4550023,0.11394693,0.08079643,0.35025436
Test_904,0.46209013,0.10710237,0.07489705,0.35591042
Test_905,0.4612703,0.10668698,0.079112805,0.35292986
Test_906,0.4632338,0.10443917,0.078570545,0.35375643
Test_907,0.4633024,0.10943628,0.07469432,0.35256702
Test_908,0.45836076,0.11411041,0.07579607,0.35173276
Test_909,0.48650515,0.107531026,0.07453846,0.33142543
Test_910,0.46340385,0.11047307,0.07764659,0.34847647
Test_911,0.47031263,0.10079018,0.07499781,0.35389933
Test_912,0.4572867,0.11523851,0.08184512,0.3456297
Test_913,0.46611795,0.11173585,0.077090956,0.34505528
Test_914,0.4626199,0.109171994,0.07531192,0.3528962
Test_915,0.452647,0.118932165,0.081084356,0.34733653
Test_916,0.4652038,0.11409611,0.07483658,0.34586352
Test_917,0.46361104,0.11134757,0.07778566,0.34725574
Test_918,0.47416764,0.10699258,0.07888967,0.33995008
Test_919,0.46999404,0.10320137,0.073803745,0.3530008
Test_920,0.4506302,0.12761667,0.083305396,0.33844778
Test_921,0.4678218,0.11225638,0.07488454,0.34503734
Test_922,0.48847866,0.1007977,0.07470172,0.3360219
Test_923,0.47426152,0.1057828,0.076830424,0.34312522
Test_924,0.46315,0.10523436,0.07450581,0.3571098
Test_925,0.46680775,0.10852345,0.07277919,0.35188964
Test_926,0.46794513,0.115270115,0.075047694,0.3417371
Test_927,0.48426893,0.10362283,0.07290218,0.33920607
Test_928,0.45735347,0.11021433,0.07285424,0.35957798
Test_929,0.46688178,0.1070629,0.07462025,0.35143507
Test_930,0.46857518,0.102624364,0.0736404,0.3551601
Test_931,0.46902794,0.11112565,0.07569402,0.3441524
Test_932,0.4635612,0.10970515,0.074145354,0.35258827
Test_933,0.47203937,0.10676212,0.0742258,0.34697273
Test_934,0.477579,0.11585569,0.077537656,0.32902774
Test_935,0.47330895,0.112997375,0.07477258,0.33892107
Test_936,0.4614014,0.108233176,0.07619842,0.3541669
Test_937,0.4716443,0.1075514,0.07304227,0.34776205
Test_938,0.46382803,0.106687315,0.07385395,0.3556308
Test_939,0.47486177,0.10800217,0.0741256,0.3430104
Test_940,0.4653712,0.10590882,0.07545489,0.3532651
Test_941,0.46615928,0.11050793,0.07480362,0.34852916
Test_942,0.46563065,0.110703185,0.074183956,0.3494822
Test_943,0.4632561,0.10724883,0.07743776,0.35205737
Test_944,0.47311723,0.11019727,0.077391,0.33929455
Test_945,0.48222318,0.10818601,0.073621646,0.33596912
Test_946,0.46299037,0.115203105,0.07901719,0.34278932
Test_947,0.4634591,0.10845783,0.075796284,0.3522868
Test_948,0.4672781,0.1103663,0.075985394,0.34637028
Test_949,0.47367942,0.106987454,0.07394938,0.3453837
Test_950,0.47534132,0.107079804,0.07449273,0.34308612
Test_951,0.4603334,0.113060996,0.080687955,0.34591755
Test_952,0.4695051,0.11049086,0.073479295,0.34652475
Test_953,0.46166676,0.107323065,0.075816095,0.35519406
Test_954,0.48870432,0.10912545,0.071615346,0.33055484
Test_955,0.47076085,0.10911433,0.07511611,0.3450087
Test_956,0.46700212,0.10589726,0.07319642,0.35390422
Test_957,0.4643706,0.11231908,0.07320026,0.35011
Test_958,0.47586602,0.10661041,0.07425676,0.34326681
Test_959,0.44745204,0.11335653,0.07835128,0.36084014
Test_960,0.4717729,0.10109113,0.07942466,0.34771132
Test_961,0.47428647,0.10165061,0.07557105,0.34849188
Test_962,0.46266574,0.10963619,0.07673724,0.35096085
Test_963,0.47238335,0.10648992,0.07308019,0.3480466
Test_964,0.45577776,0.1108365,0.08297768,0.3504081
Test_965,0.46753228,0.108846456,0.07391961,0.34970167
Test_966,0.46961248,0.11563953,0.07542441,0.3393236
Test_967,0.47224686,0.10301776,0.07495597,0.34977928
Test_968,0.44368854,0.11344446,0.084050074,0.35881692
Test_969,0.46156064,0.12184381,0.0784651,0.3381304
Test_970,0.47369972,0.10414429,0.07233985,0.34981617
Test_971,0.46726018,0.10910832,0.07482514,0.34880635
Test_972,0.45905417,0.11729284,0.08052347,0.3431295
Test_973,0.45016295,0.1145039,0.083604984,0.35172826
Test_974,0.47047392,0.104858354,0.07252928,0.3521385
Test_975,0.4654611,0.10910834,0.0752543,0.3501763
Test_976,0.46066484,0.11077742,0.07956398,0.34899375
Test_977,0.46532205,0.10302402,0.07326494,0.358389
Test_978,0.46556744,0.11012372,0.07812525,0.3461836
Test_979,0.47731182,0.10775304,0.074298486,0.34063676
Test_980,0.47208282,0.10286935,0.07338837,0.35165945
Test_981,0.46638703,0.10986357,0.07387449,0.3498749
Test_982,0.46768063,0.10492914,0.07181554,0.35557464
Test_983,0.4621459,0.10816895,0.07728335,0.35240173
Test_984,0.46981612,0.106673434,0.07366322,0.34984714
Test_985,0.47068846,0.10743792,0.074375466,0.3474982
Test_986,0.469161,0.10785913,0.073806874,0.34917298
Test_987,0.46773216,0.11582517,0.07625477,0.34018782
Test_988,0.46661466,0.104857765,0.07470982,0.35381782
Test_989,0.4778054,0.11114172,0.07396597,0.3370868
Test_990,0.46821603,0.10416628,0.07590939,0.35170832
Test_991,0.4670937,0.114277914,0.07715132,0.34147698
Test_992,0.46045303,0.11305813,0.07435104,0.35213783
Test_993,0.46977276,0.11648624,0.072285935,0.34145504
Test_994,0.46331704,0.113010414,0.07435809,0.34931448
Test_995,0.46681866,0.10800501,0.0730448,0.3521315
Test_996,0.47025004,0.10703351,0.07505099,0.3476655
Test_997,0.45966986,0.11212409,0.07870555,0.34950048
Test_998,0.46120125,0.112869084,0.077504314,0.34842536
Test_999,0.45950904,0.11539514,0.08231312,0.3427827
Test_1000,0.46587425,0.116233855,0.07839516,0.3394968
Test_1001,0.46734807,0.11135355,0.07417075,0.34712762
Test_1002,0.4743194,0.107903965,0.0773263,0.3404503
Test_1003,0.4691446,0.10790265,0.07588712,0.3470656
Test_1004,0.4632186,0.11004948,0.07490674,0.3518252
Test_1005,0.4713226,0.10379814,0.074004784,0.3508745
Test_1006,0.4530673,0.11174292,0.083080046,0.35210976
Test_1007,0.46794528,0.105622664,0.0742314,0.3522006
Test_1008,0.46591905,0.10611534,0.073683746,0.35428184
Test_1009,0.4812174,0.10216251,0.07619985,0.34042025
Test_1010,0.4395176,0.1333459,0.08183148,0.34530506
Test_1011,0.46109703,0.11858572,0.088719845,0.33159748
Test_1012,0.46176922,0.11062837,0.07620921,0.3513932
Test_1013,0.46583506,0.11135346,0.0767452,0.34606627
Test_1014,0.46338117,0.112653665,0.0756106,0.3483545
Test_1015,0.4671693,0.109079376,0.07460232,0.34914908
Test_1016,0.46710926,0.1098179,0.073300965,0.34977192
Test_1017,0.46241006,0.11450018,0.07946305,0.34362674
Test_1018,0.46275195,0.10941082,0.07495504,0.35288215
Test_1019,0.45942053,0.10709025,0.07983342,0.35365582
Test_1020,0.46449852,0.1124835,0.07800158,0.34501645
Test_1021,0.46506953,0.10991945,0.07579015,0.34922096
Test_1022,0.46318617,0.11677474,0.078226745,0.3418124
Test_1023,0.46668378,0.10594251,0.07432863,0.35304508
Test_1024,0.4678688,0.10831875,0.07602692,0.34778556
Test_1025,0.46722433,0.10748539,0.07449876,0.35079157
Test_1026,0.47743607,0.11559053,0.07330406,0.33366933
Test_1027,0.46530646,0.10743251,0.07423552,0.35302553
Test_1028,0.4735498,0.10321334,0.07276177,0.35047507
Test_1029,0.4676613,0.105909444,0.07492577,0.3515035
Test_1030,0.46967232,0.10083375,0.07455932,0.35493454
Test_1031,0.46149486,0.10941685,0.07490495,0.3541833
Test_1032,0.46714434,0.10881179,0.075614706,0.34842914
Test_1033,0.46476126,0.10498304,0.07974049,0.35051513
Test_1034,0.46256965,0.11562816,0.07760306,0.34419912
Test_1035,0.47289634,0.11158757,0.07396231,0.34155384
Test_1036,0.47438538,0.10923181,0.07303239,0.34335047
Test_1037,0.46422336,0.11043372,0.07579785,0.34954512
Test_1038,0.46879,0.10773391,0.07478827,0.34868783
Test_1039,0.4670382,0.11245402,0.07300851,0.34749925
Test_1040,0.46619058,0.10519562,0.07400289,0.35461095
Test_1041,0.46133828,0.109073445,0.07587944,0.3537088
Test_1042,0.4651762,0.11045453,0.07804572,0.3463235
Test_1043,0.45869598,0.107713886,0.0779905,0.35559973
Test_1044,0.46359158,0.107501976,0.07288846,0.35601798
Test_1045,0.45050073,0.12668204,0.07704006,0.34577712
Test_1046,0.4666982,0.108695336,0.07563751,0.3489689
Test_1047,0.47142458,0.106107585,0.07291454,0.34955326
Test_1048,0.46713263,0.10978291,0.07447066,0.3486138
Test_1049,0.4686722,0.105522506,0.076828755,0.34897652
Test_1050,0.46948832,0.10811468,0.07976421,0.3426328
Test_1051,0.468828,0.105121955,0.07757797,0.34847206
Test_1052,0.47450292,0.11105557,0.07439721,0.34004426
Test_1053,0.47138053,0.10429495,0.07579798,0.34852654
Test_1054,0.47061104,0.11165565,0.07437458,0.34335876
Test_1055,0.47252423,0.10368538,0.07390081,0.3498896
Test_1056,0.4656928,0.10942007,0.081082106,0.34380507
Test_1057,0.47050852,0.10576083,0.07572912,0.34800148
Test_1058,0.4764048,0.10621936,0.07309879,0.344277
Test_1059,0.46334073,0.11074274,0.07669586,0.34922066
Test_1060,0.4694808,0.112022415,0.07462925,0.34386754
Test_1061,0.46801922,0.10727912,0.074069485,0.3506322
Test_1062,0.47203588,0.10670374,0.07434532,0.34691507
Test_1063,0.46292865,0.11469548,0.078868814,0.34350708
Test_1064,0.4690515,0.10185459,0.07378303,0.35531095
Test_1065,0.46777555,0.10822452,0.07477545,0.34922445
Test_1066,0.4705213,0.108269654,0.07309778,0.3481113
Test_1067,0.4661885,0.100984484,0.07548784,0.3573391
Test_1068,0.48455656,0.10827157,0.076229036,0.3309429
Test_1069,0.46451703,0.10744647,0.07284572,0.35519078
Test_1070,0.47011206,0.10185024,0.07298899,0.3550487
Test_1071,0.4657944,0.10976022,0.07544871,0.34899667
Test_1072,0.4610415,0.11248278,0.07637294,0.35010278
Test_1073,0.46676052,0.110560365,0.07345262,0.3492265
Test_1074,0.47025216,0.10682796,0.07681806,0.34610176
Test_1075,0.45902845,0.11259797,0.07699336,0.35138023
Test_1076,0.46723843,0.11071455,0.075359344,0.34668767
Test_1077,0.4646026,0.11233822,0.0758928,0.3471664
Test_1078,0.4600999,0.114893965,0.075680315,0.34932584
Test_1079,0.4606974,0.11837518,0.07993855,0.34098884
Test_1080,0.46847698,0.10998335,0.07514185,0.34639776
Test_1081,0.4654132,0.11411417,0.07510926,0.34536338
Test_1082,0.46821168,0.10478118,0.07506945,0.3519377
Test_1083,0.4666239,0.10626378,0.073520094,0.35359228
Test_1084,0.47321117,0.108547576,0.075600706,0.34264055
Test_1085,0.48510274,0.10631335,0.072518796,0.33606505
Test_1086,0.46257898,0.114886425,0.075635344,0.3468993
Test_1087,0.4672528,0.110687785,0.07523722,0.34682217
Test_1088,0.45484963,0.118132174,0.08069357,0.34632468
Test_1089,0.47299746,0.102743655,0.07406232,0.3501966
Test_1090,0.47180265,0.10764685,0.07220094,0.34834954
Test_1091,0.4626614,0.11123287,0.07547386,0.3506319
Test_1092,0.4837416,0.10563729,0.07239772,0.3382233
Test_1093,0.4639868,0.11009639,0.07509986,0.3508169
Test_1094,0.47949952,0.103886545,0.07503311,0.34158087
Test_1095,0.4698247,0.10844273,0.07443863,0.34729397
Test_1096,0.45770097,0.11348859,0.07626115,0.35254925
Test_1097,0.47073433,0.105707,0.07376268,0.34979603
Test_1098,0.4628644,0.10996156,0.07428042,0.35289362
Test_1099,0.4738425,0.10470238,0.07329888,0.34815624
Test_1100,0.4601511,0.11767022,0.07925419,0.34292445
Test_1101,0.47588167,0.10236062,0.0726024,0.34915528
Test_1102,0.46440738,0.11006172,0.07770013,0.34783074
Test_1103,0.4729608,0.10614889,0.07186291,0.3490274
Test_1104,0.46832085,0.10414774,0.073740415,0.35379097
Test_1105,0.46762496,0.105332166,0.07582329,0.35121962
Test_1106,0.48245266,0.09934702,0.07327438,0.34492594
Test_1107,0.47325203,0.114498176,0.07854972,0.33370006
Test_1108,0.47852772,0.10743906,0.07344444,0.34058875
Test_1109,0.46784246,0.10494946,0.07763457,0.34957352
Test_1110,0.45298696,0.113877445,0.08428509,0.34885058
Test_1111,0.46266046,0.11057126,0.077619776,0.34914848
Test_1112,0.47315434,0.10622533,0.07466667,0.34595367
Test_1113,0.46671218,0.11009086,0.075136095,0.34806088
Test_1114,0.45605668,0.10746034,0.08462863,0.3518544
Test_1115,0.45905644,0.10786889,0.080751486,0.35232323
Test_1116,0.46099803,0.115952566,0.07620666,0.3468427
Test_1117,0.48865196,0.10709493,0.07274032,0.3315128
Test_1118,0.45860574,0.10733952,0.07798304,0.35607165
Test_1119,0.47159186,0.105470754,0.07367762,0.3492598
Test_1120,0.46487144,0.10356962,0.07591731,0.35564163
Test_1121,0.45886377,0.114635244,0.079161406,0.34733954
Test_1122,0.4655057,0.10731265,0.076268025,0.35091367
Test_1123,0.4769302,0.10359261,0.0712,0.3482772
Test_1124,0.4547585,0.117688425,0.08543047,0.3421226
Test_1125,0.4671211,0.10776135,0.07485775,0.35025984
Test_1126,0.47323403,0.113594696,0.073248506,0.3399228
Test_1127,0.46160153,0.1125409,0.07647513,0.34938246
Test_1128,0.46945962,0.10752497,0.07389321,0.34912214
Test_1129,0.45692354,0.11409946,0.08450551,0.34447148
Test_1130,0.4664736,0.10896484,0.07500511,0.34955642
Test_1131,0.4653063,0.10913719,0.07471084,0.3508457
Test_1132,0.48488683,0.097419284,0.07680463,0.3408892
Test_1133,0.47091427,0.104747884,0.071824074,0.3525138
Test_1134,0.47328952,0.105890736,0.07545451,0.34536526
Test_1135,0.4609453,0.11321435,0.07751451,0.34832582
Test_1136,0.46509656,0.10579836,0.07550686,0.35359815
Test_1137,0.46933624,0.10206786,0.075934,0.35266194
Test_1138,0.46679288,0.10535649,0.07386382,0.3539868
Test_1139,0.45723107,0.11653735,0.07565282,0.35057878
Test_1140,0.46481368,0.12058154,0.07588552,0.33871928
Test_1141,0.46399087,0.113581106,0.07600682,0.34642115
Test_1142,0.4719561,0.1106818,0.07671879,0.34064332
Test_1143,0.46129844,0.11292351,0.07585379,0.34992427
Test_1144,0.47594258,0.10648026,0.0766356,0.34094155
Test_1145,0.4697364,0.10673788,0.074613206,0.3489125
Test_1146,0.45676827,0.115163445,0.07926004,0.34880826
Test_1147,0.4641673,0.11141324,0.07389996,0.3505195
Test_1148,0.45408174,0.13115129,0.081084244,0.33368284
Test_1149,0.46928573,0.107562505,0.07490441,0.34824738
Test_1150,0.47741732,0.10296216,0.07276343,0.34685707
Test_1151,0.47032586,0.11052729,0.07145752,0.3476893
Test_1152,0.47562152,0.10937484,0.07533207,0.3396716
Test_1153,0.46189377,0.10635391,0.077040605,0.35471168
Test_1154,0.4627593,0.113749534,0.072321996,0.35116914
Test_1155,0.46370012,0.10857149,0.07982871,0.34789968
Test_1156,0.47375154,0.09598482,0.0780766,0.35218698
Test_1157,0.4639723,0.11009242,0.073480956,0.35245433
Test_1158,0.46228984,0.11508331,0.073745355,0.3488815
Test_1159,0.4618644,0.11121454,0.07690803,0.35001302
Test_1160,0.4854118,0.106890485,0.071834125,0.33586356
Test_1161,0.4614022,0.11846487,0.07450449,0.3456284
Test_1162,0.46613538,0.11061227,0.07733845,0.34591386
Test_1163,0.48340198,0.10223067,0.069955625,0.34441176
Test_1164,0.468363,0.11214526,0.07412834,0.3453634
Test_1165,0.4666913,0.09820949,0.08602778,0.3490715
Test_1166,0.46512532,0.10558398,0.07555033,0.35374033
Test_1167,0.46407127,0.11338205,0.08077769,0.34176898
Test_1168,0.45526153,0.11429081,0.08399338,0.34645432
Test_1169,0.4734235,0.10335555,0.07679392,0.34642705
Test_1170,0.46133578,0.113374166,0.076903634,0.34838635
Test_1171,0.4655586,0.106540695,0.07488707,0.35301363
Test_1172,0.46259984,0.10999791,0.074161865,0.35324034
Test_1173,0.4692435,0.10094871,0.07361725,0.35619047
Test_1174,0.46652383,0.103684366,0.07499763,0.35479414
Test_1175,0.4642408,0.11771166,0.08335284,0.3346948
Test_1176,0.46403378,0.10574945,0.07441101,0.3558058
Test_1177,0.4685276,0.11142439,0.073789865,0.3462581
Test_1178,0.46371755,0.10840638,0.07499771,0.35287836
Test_1179,0.4587796,0.1131371,0.07843744,0.34964582
Test_1180,0.46390578,0.10938814,0.075888366,0.35081774
Test_1181,0.46120065,0.11817567,0.0776359,0.3429878
Test_1182,0.46061718,0.11419767,0.07686254,0.34832266
Test_1183,0.46395028,0.10783104,0.07910401,0.34911466
Test_1184,0.46296763,0.10891819,0.07753544,0.35057873
Test_1185,0.46123746,0.12250356,0.081561856,0.33469713
Test_1186,0.45862314,0.11678613,0.08047134,0.3441194
Test_1187,0.46332788,0.10900435,0.07644646,0.35122132
Test_1188,0.47192398,0.10301581,0.07467557,0.35038468
Test_1189,0.47106645,0.11301767,0.07414479,0.3417711
Test_1190,0.44663137,0.11835611,0.084208846,0.35080367
Test_1191,0.46034676,0.10837022,0.076113045,0.35517004
Test_1192,0.46313435,0.11139809,0.08092723,0.3445403
Test_1193,0.47671023,0.104231544,0.07330289,0.3457553
Test_1194,0.46688318,0.10789121,0.07483861,0.350387
Test_1195,0.46894982,0.10970398,0.07441495,0.3469313
Test_1196,0.46640566,0.110366836,0.073848024,0.34937942
Test_1197,0.46722567,0.10568839,0.07589423,0.35119173
Test_1198,0.46410424,0.10803677,0.07714232,0.35071665
Test_1199,0.46037358,0.11440954,0.079834506,0.3453824
Test_1200,0.46379212,0.11659888,0.08054007,0.339069
Test_1201,0.4692192,0.10636464,0.07351652,0.35089964
Test_1202,0.47680947,0.10442632,0.07464416,0.34412014
Test_1203,0.46552575,0.11050907,0.07540819,0.34855708
Test_1204,0.47560033,0.10582706,0.07652921,0.34204346
Test_1205,0.46094838,0.11772884,0.07778543,0.34353733
Test_1206,0.46158445,0.112710826,0.07520137,0.35050336
Test_1207,0.46361372,0.10809568,0.073916346,0.35437432
Test_1208,0.4647177,0.10546082,0.076211035,0.35361043
Test_1209,0.46749303,0.11124978,0.078711614,0.34254563
Test_1210,0.4668185,0.10887595,0.07335315,0.35095245
Test_1211,0.47516972,0.10665528,0.071485125,0.34668994
Test_1212,0.46577317,0.10994527,0.07484753,0.34943402
Test_1213,0.46347263,0.10573087,0.07382449,0.35697198
Test_1214,0.46093208,0.11126799,0.0772637,0.3505362
Test_1215,0.4645638,0.1091153,0.074563235,0.35175768
Test_1216,0.46806753,0.107236214,0.077286735,0.34740955
Test_1217,0.45566487,0.109193996,0.080452815,0.3546883
Test_1218,0.46537325,0.1106312,0.07694186,0.34705368
Test_1219,0.4667324,0.10096239,0.07615459,0.35615054
Test_1220,0.466897,0.10734747,0.07485655,0.3508989
Test_1221,0.4717354,0.105094135,0.07431114,0.34885934
Test_1222,0.44687334,0.11263066,0.08961706,0.35087898
Test_1223,0.46465757,0.10948609,0.0742304,0.35162595
Test_1224,0.46321967,0.11865324,0.08235314,0.33577397
Test_1225,0.47378114,0.109880246,0.075533934,0.3408047
Test_1226,0.46512347,0.10774878,0.07617257,0.3509552
Test_1227,0.46523553,0.11226414,0.073400855,0.34909943
Test_1228,0.49153563,0.105123386,0.07211928,0.33122167
Test_1229,0.4702707,0.10638012,0.07433441,0.3490148
Test_1230,0.46654522,0.10917394,0.0775869,0.3466939
Test_1231,0.47616017,0.10786604,0.07288683,0.343087
Test_1232,0.46583152,0.10620174,0.07521456,0.35275227
Test_1233,0.46494973,0.110279664,0.07416062,0.35061
Test_1234,0.46054733,0.11597606,0.079492114,0.34398448
Test_1235,0.4767246,0.10692541,0.07225062,0.3440994
Test_1236,0.46474582,0.10849998,0.07650235,0.3502519
Test_1237,0.46765426,0.110734195,0.079428434,0.34218305
Test_1238,0.4610418,0.10490549,0.08596088,0.34809172
Test_1239,0.4682693,0.10607884,0.07565866,0.3499932
Test_1240,0.45807654,0.113266446,0.078598276,0.35005873
Test_1241,0.46392795,0.10780778,0.07280217,0.35546213
Test_1242,0.46610773,0.107065715,0.07393997,0.35288653
Test_1243,0.46039397,0.11101001,0.081401944,0.34719414
Test_1244,0.4660719,0.1087139,0.07511496,0.35009924
Test_1245,0.4629142,0.108462155,0.07540696,0.35321665
Test_1246,0.4624784,0.11202101,0.07851908,0.34698153
Test_1247,0.46822864,0.10461988,0.07635588,0.35079557
Test_1248,0.46806592,0.11132303,0.07592974,0.3446813
Test_1249,0.4498929,0.11577982,0.087680735,0.34664652
Test_1250,0.4724998,0.10642535,0.07728655,0.34378833
Test_1251,0.46709007,0.10921477,0.07530226,0.3483929
Test_1252,0.45430446,0.12008829,0.079430774,0.34617645
Test_1253,0.46514204,0.10956675,0.074353665,0.35093755
Test_1254,0.4649315,0.11314375,0.07461291,0.34731188
Test_1255,0.4800869,0.104874976,0.07140301,0.34363514
Test_1256,0.44425726,0.121989824,0.08224141,0.35151148
Test_1257,0.46478638,0.1098994,0.07480668,0.35050753
Test_1258,0.469321,0.10497556,0.07323566,0.35246786
Test_1259,0.47342446,0.10584783,0.07237108,0.3483566
Test_1260,0.5070052,0.096043676,0.076757625,0.3201935
Test_1261,0.44752255,0.12773313,0.08823124,0.33651313
Test_1262,0.47597468,0.10635572,0.07356473,0.3441049
Test_1263,0.46853057,0.105907805,0.08273749,0.3428241
Test_1264,0.46733826,0.10403691,0.07360187,0.35502297
Test_1265,0.45827243,0.10719113,0.07547305,0.3590634
Test_1266,0.46025977,0.11041667,0.0778854,0.35143813
Test_1267,0.4633845,0.113453075,0.0757702,0.34739223
Test_1268,0.4666519,0.09914402,0.0775758,0.35662836
Test_1269,0.45714474,0.11322374,0.079570666,0.35006088
Test_1270,0.46454346,0.108476214,0.07748454,0.3494958
Test_1271,0.46953568,0.105985455,0.07627909,0.34819978
Test_1272,0.49149635,0.10857943,0.076210685,0.32371354
Test_1273,0.46353328,0.1066534,0.0742594,0.35555395
Test_1274,0.46736613,0.10689119,0.07391579,0.3518269
Test_1275,0.45832607,0.11479043,0.07980733,0.3470762
Test_1276,0.4669098,0.10985874,0.075729966,0.34750143
Test_1277,0.44520223,0.11588074,0.086775355,0.3521417
Test_1278,0.4637078,0.109866284,0.074349254,0.3520766
Test_1279,0.46769294,0.10790358,0.074544795,0.34985867
Test_1280,0.45914498,0.108162284,0.08147939,0.35121343
Test_1281,0.4648826,0.10472604,0.0766513,0.35374004
Test_1282,0.46702403,0.1089021,0.07727229,0.34680158
Test_1283,0.46031383,0.10845094,0.07988198,0.35135335
Test_1284,0.4669895,0.10792909,0.07646936,0.348612
Test_1285,0.46726972,0.106331475,0.0724408,0.35395804
Test_1286,0.48134074,0.10358819,0.07187655,0.34319457
Test_1287,0.48385614,0.10184505,0.0744575,0.33984137
Test_1288,0.4654618,0.10778913,0.072882734,0.3538663
Test_1289,0.47088134,0.103611805,0.075983346,0.34952348
Test_1290,0.46184626,0.110124744,0.07576427,0.3522647
Test_1291,0.46183497,0.10764902,0.076906495,0.35360953
Test_1292,0.46503323,0.104041554,0.076148435,0.35477686
Test_1293,0.46457842,0.108166076,0.07584217,0.35141337
Test_1294,0.46831438,0.10686316,0.07358407,0.35123843
Test_1295,0.45789975,0.1169289,0.0819204,0.3432509
Test_1296,0.47191393,0.104622364,0.07199697,0.35146675
Test_1297,0.4650455,0.108201884,0.075706534,0.35104603
Test_1298,0.4603514,0.11693161,0.07846701,0.34425005
Test_1299,0.44063276,0.122708775,0.08575662,0.35090172
Test_1300,0.45219222,0.10147271,0.08612128,0.36021382
Test_1301,0.4523098,0.106973104,0.086289115,0.35442796
Test_1302,0.47039628,0.10628898,0.073811315,0.34950343
Test_1303,0.46176457,0.11808814,0.0793629,0.34078446
Test_1304,0.46165553,0.11460589,0.07820149,0.34553704
Test_1305,0.46970746,0.10671101,0.072759606,0.3508219
Test_1306,0.4658425,0.109849274,0.07535571,0.34895262
Test_1307,0.45578796,0.11269708,0.079054244,0.35246074
Test_1308,0.46908438,0.10977424,0.07446524,0.34667617
Test_1309,0.4671397,0.11062515,0.07499984,0.34723535
Test_1310,0.47070542,0.10609369,0.07412793,0.349073
Test_1311,0.4772145,0.10584177,0.07293994,0.34400383
Test_1312,0.46890303,0.10408673,0.07416384,0.3528463
Test_1313,0.47316992,0.09951958,0.07492544,0.3523851
Test_1314,0.4637877,0.10665597,0.0762435,0.35331282
Test_1315,0.47351715,0.10782107,0.0752136,0.34344813
Test_1316,0.46629035,0.105410114,0.074332,0.3539676
Test_1317,0.46415123,0.10940752,0.07557776,0.3508635
Test_1318,0.46892962,0.11597193,0.073673025,0.34142536
Test_1319,0.46431854,0.10885824,0.075607195,0.35121602
Test_1320,0.46621597,0.107718974,0.073394425,0.3526706
Test_1321,0.45995966,0.111073926,0.07794327,0.3510232
Test_1322,0.47032997,0.104443185,0.07457552,0.35065123
Test_1323,0.46569785,0.10629556,0.07946291,0.3485437
Test_1324,0.4638988,0.10584516,0.0732785,0.3569775
Test_1325,0.46263823,0.11035247,0.07594167,0.35106772
Test_1326,0.46843868,0.10773447,0.074197486,0.34962937
Test_1327,0.47222188,0.11980803,0.08196348,0.32600665
Test_1328,0.47930104,0.09907419,0.07627553,0.34534925
Test_1329,0.45687357,0.11682159,0.07979386,0.346511
Test_1330,0.4657841,0.109247774,0.07526279,0.34970534
Test_1331,0.4667944,0.10678372,0.07716884,0.34925303
Test_1332,0.46026927,0.10879023,0.07586134,0.35507926
Test_1333,0.4627627,0.11445924,0.07691916,0.3458589
Test_1334,0.464742,0.109744616,0.07397874,0.3515346
Test_1335,0.46258402,0.10497983,0.08283877,0.34959742
Test_1336,0.4734341,0.107455015,0.07421318,0.34489778
Test_1337,0.46344507,0.10914617,0.073486276,0.35392243
Test_1338,0.45520428,0.12375372,0.07871031,0.34233168
Test_1339,0.46466488,0.10745877,0.07493543,0.35294092
Test_1340,0.4669938,0.10725018,0.07233303,0.35342294
Test_1341,0.47005862,0.11204931,0.07670926,0.3411828
Test_1342,0.46069798,0.11097025,0.07829229,0.35003957
Test_1343,0.4630649,0.11166052,0.077461444,0.34781307
Test_1344,0.4573966,0.11361459,0.0803188,0.34867
Test_1345,0.45755327,0.11932897,0.07745585,0.34566185
Test_1346,0.4763468,0.104843654,0.075792275,0.34301722
Test_1347,0.47088546,0.10604041,0.075765885,0.3473082
Test_1348,0.47324347,0.10965417,0.07236669,0.34473574
Test_1349,0.46503183,0.10425552,0.07806883,0.3526438
Test_1350,0.47171256,0.1091439,0.07532627,0.3438172
Test_1351,0.46382433,0.114573486,0.076949,0.34465313
Test_1352,0.46010485,0.11762865,0.07904768,0.3432188
Test_1353,0.46218592,0.10802352,0.07479355,0.354997
Test_1354,0.46478114,0.10939219,0.07570575,0.35012087
Test_1355,0.46721146,0.11292976,0.07586428,0.3439945
Test_1356,0.4702667,0.10820939,0.07298657,0.34853736
Test_1357,0.4636706,0.11174977,0.0782358,0.34634382
Test_1358,0.46371776,0.108592086,0.0751935,0.35249662
Test_1359,0.4778034,0.09937449,0.07390705,0.34891507
Test_1360,0.46692201,0.10932509,0.074033625,0.3497193
Test_1361,0.46405372,0.11887677,0.0791661,0.3379035
Test_1362,0.45831713,0.11670617,0.07999156,0.34498513
Test_1363,0.46405372,0.10643871,0.07837978,0.35112777
Test_1364,0.46653444,0.10634384,0.07676075,0.35036093
Test_1365,0.477313,0.10965585,0.07248354,0.34054765
Test_1366,0.47304067,0.10837343,0.07347492,0.345111
Test_1367,0.46606869,0.10467362,0.075567976,0.35368976
Test_1368,0.469493,0.09642665,0.076220326,0.35786006
Test_1369,0.47622645,0.10618355,0.07318886,0.34440115
Test_1370,0.46783122,0.11128446,0.074979685,0.34590462
Test_1371,0.4675295,0.11201927,0.074675545,0.34577572
Test_1372,0.46229327,0.11412007,0.07559886,0.3479878
Test_1373,0.46493307,0.11045032,0.07388139,0.35073522
Test_1374,0.46089476,0.11471222,0.08285953,0.34153354
Test_1375,0.4738411,0.10828328,0.0747198,0.34315586
Test_1376,0.46778035,0.10871808,0.07388861,0.34961298
Test_1377,0.45673487,0.10861544,0.07615297,0.35849681
Test_1378,0.46906173,0.10062304,0.07273556,0.35757965
Test_1379,0.46486413,0.110322945,0.07723573,0.3475772
Test_1380,0.46218103,0.11219843,0.07647981,0.34914067
Test_1381,0.47325823,0.10134535,0.07225731,0.3531391
Test_1382,0.46867603,0.10983394,0.07778908,0.343701
Test_1383,0.46148252,0.11279856,0.07559768,0.35012126
Test_1384,0.46961355,0.10758099,0.07363221,0.3491733
Test_1385,0.46380576,0.109724484,0.07446256,0.3520073
Test_1386,0.46610433,0.10522128,0.07537327,0.35330117
Test_1387,0.46134356,0.11301957,0.07664887,0.348988
Test_1388,0.4573574,0.11238961,0.08088192,0.3493711
Test_1389,0.4625392,0.1138456,0.0772508,0.3463644
Test_1390,0.47133404,0.112382874,0.07417098,0.34211206
Test_1391,0.45322698,0.11187089,0.082922034,0.35198006
Test_1392,0.46180314,0.11298902,0.07916315,0.3460447
Test_1393,0.4583104,0.103183806,0.07792173,0.36058408
Test_1394,0.46538234,0.10654409,0.074699365,0.35337427
Test_1395,0.4481407,0.10737024,0.08374944,0.36073968
Test_1396,0.45863107,0.10938653,0.078846276,0.35313612
Test_1397,0.4609787,0.109811924,0.084873036,0.3443363
Test_1398,0.4654185,0.109268636,0.07447962,0.35083324
Test_1399,0.45538643,0.12030594,0.078822,0.3454857
Test_1400,0.46519545,0.10576458,0.074482486,0.3545575
Test_1401,0.46362692,0.1069262,0.073956616,0.35549018
Test_1402,0.4735179,0.10577093,0.0751313,0.34557983
Test_1403,0.4747113,0.10852914,0.07615775,0.34060177
Test_1404,0.45818573,0.11201984,0.07891527,0.3508792
Test_1405,0.46081966,0.109201856,0.081121825,0.34885675
Test_1406,0.4585323,0.11437111,0.08019806,0.3468986
Test_1407,0.4682525,0.10779676,0.0755174,0.3484333
Test_1408,0.47518817,0.113910966,0.07441068,0.33649015
Test_1409,0.46207687,0.10203133,0.077834345,0.35805753
Test_1410,0.45087564,0.12705156,0.08025789,0.34181494
Test_1411,0.46041954,0.11359745,0.0763308,0.3496522
Test_1412,0.46837816,0.10800868,0.07389359,0.34971958
Test_1413,0.4639412,0.105579734,0.07575461,0.35472444
Test_1414,0.46361187,0.11854182,0.077206485,0.34063986
Test_1415,0.47006795,0.10629848,0.0750999,0.3485337
Test_1416,0.47873482,0.10363288,0.07269144,0.3449408
Test_1417,0.4627255,0.10927121,0.07589392,0.3521094
Test_1418,0.48018527,0.10740144,0.07464724,0.33776602
Test_1419,0.46401027,0.10766389,0.07527573,0.35305005
Test_1420,0.46741056,0.1103251,0.07469815,0.34756622
Test_1421,0.46566248,0.10762436,0.07426332,0.35244983
Test_1422,0.4602213,0.114187025,0.07926888,0.34632283
Test_1423,0.45836893,0.109865986,0.080945626,0.35081947
Test_1424,0.46833032,0.10701252,0.07418896,0.3504682
Test_1425,0.46196002,0.113998026,0.078361906,0.3456801
Test_1426,0.464416,0.10705814,0.07696982,0.35155603
Test_1427,0.47024697,0.108967766,0.07411548,0.34666976
Test_1428,0.47163826,0.10847717,0.074638195,0.3452464
Test_1429,0.46821764,0.10891453,0.07279715,0.35007066
Test_1430,0.47471893,0.10831466,0.0724245,0.34454194
Test_1431,0.4631547,0.11155039,0.07423783,0.35105708
Test_1432,0.46937752,0.110651754,0.07321129,0.34675944
Test_1433,0.4620406,0.110971,0.086943656,0.3400447
Test_1434,0.4624741,0.11018906,0.076570995,0.35076585
Test_1435,0.47019637,0.11059877,0.0735953,0.34560958
Test_1436,0.46342003,0.10954412,0.07565842,0.3513774
Test_1437,0.45917472,0.11123099,0.0775402,0.35205403
Test_1438,0.47713286,0.110319965,0.07699601,0.33555114
Test_1439,0.47272366,0.10515838,0.074255876,0.34786212
Test_1440,0.4631449,0.1108194,0.07603125,0.3500045
Test_1441,0.4787008,0.11079965,0.07559835,0.33490124
Test_1442,0.4734578,0.10326305,0.073545694,0.3497334
Test_1443,0.47005156,0.10872959,0.07430974,0.3469091
Test_1444,0.4638267,0.11074916,0.079136975,0.3462871
Test_1445,0.46685278,0.10609605,0.076792456,0.35025868
Test_1446,0.47873914,0.10301892,0.07201702,0.34622487
Test_1447,0.46576813,0.109711796,0.07491184,0.34960824
Test_1448,0.4656771,0.11106064,0.07261857,0.35064366
Test_1449,0.46623757,0.10362598,0.07717693,0.35295954
Test_1450,0.46225664,0.11330433,0.07824121,0.3461978
Test_1451,0.46795687,0.109578416,0.07550169,0.346963
Test_1452,0.4693397,0.10633187,0.07474929,0.34957907
Test_1453,0.4706288,0.10388307,0.07709682,0.3483913
Test_1454,0.46920067,0.10599787,0.07314788,0.35165358
Test_1455,0.46969527,0.111972764,0.075405486,0.34292647
Test_1456,0.47705615,0.117941886,0.08063721,0.32436472
Test_1457,0.46493334,0.106008746,0.078113884,0.35094407
Test_1458,0.46900854,0.10914751,0.0756079,0.34623602
Test_1459,0.44998357,0.12498957,0.082690574,0.3423363
Test_1460,0.46587414,0.11429048,0.07589834,0.3439371
Test_1461,0.46393305,0.11516447,0.07887623,0.34202626
Test_1462,0.4519286,0.1142041,0.08080465,0.35306257
Test_1463,0.4637887,0.10805128,0.08049095,0.3476691
Test_1464,0.46955246,0.11918964,0.07655372,0.33470422
Test_1465,0.46901438,0.110409595,0.07595587,0.34462017
Test_1466,0.4676457,0.11133954,0.07374875,0.34726602
Test_1467,0.4704855,0.1088239,0.075660385,0.34503016
Test_1468,0.46264547,0.10768728,0.07682293,0.35284436
Test_1469,0.47374076,0.1052707,0.075222455,0.3457661
Test_1470,0.46816203,0.10835015,0.074656494,0.34883124
Test_1471,0.46289116,0.11030288,0.07622291,0.35058305
Test_1472,0.46562707,0.11709939,0.080223635,0.3370499
Test_1473,0.46535483,0.109867476,0.074140236,0.35063747
Test_1474,0.46086022,0.11223366,0.076918714,0.34998748
Test_1475,0.44380003,0.10571324,0.08809197,0.36239472
Test_1476,0.46853885,0.10990006,0.076318175,0.34524295
Test_1477,0.46936765,0.10966283,0.07370386,0.34726572
Test_1478,0.44822797,0.119775474,0.08509719,0.3468994
Test_1479,0.46008265,0.10987795,0.0761092,0.35393012
Test_1480,0.45912698,0.11768138,0.080243684,0.34294793
Test_1481,0.4637757,0.10758217,0.07411144,0.35453066
Test_1482,0.46777776,0.10693169,0.07401472,0.3512758
Test_1483,0.46348995,0.11008475,0.07618392,0.35024136
Test_1484,0.46096733,0.111232415,0.07632068,0.35147962
Test_1485,0.4643833,0.10655553,0.07376641,0.35529473
Test_1486,0.46224296,0.11369878,0.07585254,0.3482057
Test_1487,0.46919543,0.09713345,0.076323144,0.35734797
Test_1488,0.45451403,0.11036433,0.08297912,0.3521425
Test_1489,0.4638168,0.11436409,0.076816715,0.3450024
Test_1490,0.46214724,0.10867799,0.074006304,0.35516846
Test_1491,0.4666874,0.10966488,0.077231005,0.34641674
Test_1492,0.46060568,0.11359963,0.07929029,0.3465043
Test_1493,0.46349597,0.11242895,0.075303525,0.34877154
Test_1494,0.47433555,0.10969345,0.07420527,0.3417657
Test_1495,0.47284228,0.112398066,0.075368755,0.33939093
Test_1496,0.47344574,0.10878687,0.073210925,0.34455648
Test_1497,0.46749485,0.109327264,0.07419735,0.34898052
Test_1498,0.46460733,0.10766986,0.0767833,0.35093945
Test_1499,0.46536726,0.102982625,0.08438039,0.3472697
Test_1500,0.4679832,0.10310487,0.07618719,0.3527247
Test_1501,0.47247496,0.10427074,0.0708973,0.35235697
Test_1502,0.46278292,0.10730541,0.07428181,0.35562983
Test_1503,0.4702534,0.10841234,0.07454371,0.34679046
Test_1504,0.4725585,0.112611614,0.07677237,0.33805746
Test_1505,0.4702279,0.1005656,0.08000238,0.34920412
Test_1506,0.4659438,0.110911615,0.0760983,0.34704635
Test_1507,0.47902456,0.10683657,0.07350682,0.3406321
Test_1508,0.46275133,0.112166725,0.07284227,0.35223973
Test_1509,0.4662776,0.10999506,0.0737686,0.34995878
Test_1510,0.45982498,0.11068746,0.07735117,0.35213643
Test_1511,0.46519053,0.111440055,0.07322758,0.35014188
Test_1512,0.46204245,0.11005446,0.07725384,0.35064924
Test_1513,0.45875347,0.11690249,0.07990155,0.34444255
Test_1514,0.47096926,0.11583122,0.076193415,0.33700603
Test_1515,0.45683002,0.11658381,0.07993096,0.34665525
Test_1516,0.46888083,0.09990471,0.07493643,0.35627797
Test_1517,0.45730615,0.114399284,0.081500165,0.3467944
Test_1518,0.46665838,0.109858535,0.07439355,0.3490895
Test_1519,0.46620607,0.10945437,0.074397005,0.3499426
Test_1520,0.47379062,0.106653474,0.07415811,0.34539777
Test_1521,0.45443237,0.111372545,0.07580217,0.35839292
Test_1522,0.46477208,0.10916941,0.08369109,0.34236747
Test_1523,0.46325666,0.11216429,0.07498856,0.34959054
Test_1524,0.47861236,0.10871419,0.07451084,0.3381627
Test_1525,0.47815588,0.10419671,0.074702,0.34294546
Test_1526,0.4703647,0.10568736,0.07549772,0.3484502
Test_1527,0.44631964,0.13698417,0.0847218,0.33197436
Test_1528,0.4700372,0.1037535,0.07408666,0.35212272
Test_1529,0.4670375,0.11426358,0.0764796,0.34221935
Test_1530,0.46486676,0.10814283,0.075226024,0.3517644
Test_1531,0.44610873,0.115271345,0.091688804,0.34693113
Test_1532,0.4705664,0.112052314,0.07553792,0.34184343
Test_1533,0.45719528,0.10867061,0.0778072,0.35632685
Test_1534,0.47081184,0.1083539,0.07294601,0.34788823
Test_1535,0.46070024,0.11469761,0.07681435,0.3477878
Test_1536,0.46387953,0.10996036,0.07455238,0.3516078
Test_1537,0.4663001,0.10552527,0.07593012,0.35224456
Test_1538,0.4648133,0.10143791,0.07744669,0.3563021
Test_1539,0.45516148,0.111562766,0.07688329,0.35639247
Test_1540,0.47014514,0.10754853,0.07268065,0.3496257
Test_1541,0.4599526,0.1136672,0.07438333,0.3519969
Test_1542,0.47649372,0.10839494,0.07332574,0.34178564
Test_1543,0.4719204,0.105902545,0.079511814,0.34266526
Test_1544,0.46729162,0.105322264,0.07459331,0.3527927
Test_1545,0.45870012,0.10779483,0.07599343,0.3575116
Test_1546,0.4700194,0.10492642,0.074091576,0.3509626
Test_1547,0.485414,0.098062605,0.0752817,0.34124166
Test_1548,0.47920993,0.10263052,0.07298208,0.3451775
Test_1549,0.47340512,0.10377317,0.07423044,0.34859133
Test_1550,0.4669366,0.11005133,0.07626385,0.3467483
Test_1551,0.4646551,0.11181756,0.07608321,0.34744406
Test_1552,0.4714376,0.104367964,0.07614578,0.34804857
Test_1553,0.46974298,0.10656515,0.07425302,0.34943888
Test_1554,0.45271397,0.11690943,0.08167721,0.34869936
Test_1555,0.46416906,0.115865156,0.077753,0.34221283
Test_1556,0.45818806,0.11587659,0.08331659,0.3426188
Test_1557,0.4626522,0.109348066,0.07525431,0.35274544
Test_1558,0.45991048,0.11000671,0.07842155,0.35166126
Test_1559,0.45626485,0.12049731,0.08384859,0.33938926
Test_1560,0.4699233,0.10775819,0.07306943,0.34924918
Test_1561,0.4667561,0.106880665,0.07359339,0.35276988
Test_1562,0.4691459,0.1123055,0.077953875,0.3405948
Test_1563,0.4656004,0.10792081,0.07794064,0.3485381
Test_1564,0.468002,0.11067403,0.07695267,0.3443713
Test_1565,0.4647737,0.11050678,0.07603319,0.3486863
Test_1566,0.46838355,0.10759154,0.07334042,0.35068443
Test_1567,0.45731083,0.11708623,0.08208799,0.34351495
Test_1568,0.4704127,0.11244592,0.07657005,0.34057128
Test_1569,0.46426353,0.10672434,0.07628641,0.35272568
Test_1570,0.4729309,0.10448908,0.07331238,0.34926772
Test_1571,0.46238285,0.11708071,0.07517372,0.3453627
Test_1572,0.4652734,0.10987048,0.07537244,0.34948358
Test_1573,0.46827912,0.109331235,0.077049635,0.34534007
Test_1574,0.4635603,0.11070951,0.07613082,0.34959927
Test_1575,0.4518245,0.11068648,0.08467537,0.35281366
Test_1576,0.47804323,0.104801886,0.07279447,0.34436035
Test_1577,0.43805757,0.12999302,0.08512082,0.34682855
Test_1578,0.45797893,0.109185,0.07929459,0.3535414
Test_1579,0.49131924,0.10790398,0.07713989,0.32363692
Test_1580,0.47813952,0.11106131,0.0734914,0.33730766
Test_1581,0.46463573,0.10516339,0.07500791,0.355193
Test_1582,0.45811906,0.123244904,0.08979071,0.3288453
Test_1583,0.45683396,0.11958769,0.082166106,0.3414122
Test_1584,0.467108,0.10643233,0.074535415,0.35192424
Test_1585,0.46868795,0.113073304,0.07903905,0.33919966
Test_1586,0.46456966,0.10651438,0.075220674,0.35369533
Test_1587,0.46782997,0.11150508,0.075648084,0.3450169
Test_1588,0.46405154,0.11199009,0.07587969,0.3480787
Test_1589,0.4588947,0.11133417,0.08094311,0.34882808
Test_1590,0.46295616,0.12025603,0.07578064,0.34100717
Test_1591,0.4647815,0.106379114,0.07599785,0.35284156
Test_1592,0.46415982,0.10734764,0.07430604,0.35418645
Test_1593,0.46500507,0.10811453,0.07484634,0.35203406
Test_1594,0.47627357,0.10999829,0.074882746,0.3388454
Test_1595,0.4769912,0.11646246,0.07396557,0.3325807
Test_1596,0.47311077,0.10734625,0.07309528,0.34644765
Test_1597,0.44746974,0.11514469,0.08652268,0.35086292
Test_1598,0.4681885,0.10785267,0.074688785,0.34927005
Test_1599,0.46252996,0.10994094,0.078904316,0.3486247
Test_1600,0.46614608,0.11058135,0.07516548,0.34810713
Test_1601,0.46913293,0.10760944,0.07433203,0.34892562
Test_1602,0.46609586,0.105580226,0.073928125,0.35439578
Test_1603,0.46823892,0.101287104,0.07689673,0.3535772
Test_1604,0.46090826,0.10949466,0.076834455,0.35276258
Test_1605,0.48408845,0.10200064,0.07444634,0.33946458
Test_1606,0.46274933,0.111041516,0.07980962,0.34639952
Test_1607,0.4655564,0.10645168,0.07530344,0.35268846
Test_1608,0.46234438,0.108433776,0.07506617,0.3541557
Test_1609,0.46282127,0.10910511,0.07693866,0.35113493
Test_1610,0.4719384,0.109012805,0.07360645,0.34544235
Test_1611,0.4752752,0.09971852,0.07398246,0.35102382
Test_1612,0.46352658,0.116427235,0.075528964,0.34451726
Test_1613,0.45422488,0.11520754,0.07697156,0.353596
Test_1614,0.46446496,0.11038314,0.07796962,0.34718224
Test_1615,0.46527207,0.10841128,0.07511065,0.35120603
Test_1616,0.49337706,0.10023233,0.07513296,0.3312577
Test_1617,0.45734453,0.11391657,0.07948333,0.34925553
Test_1618,0.46231645,0.10481703,0.07562646,0.35724
Test_1619,0.4708609,0.1036309,0.073655725,0.3518525
Test_1620,0.4635326,0.10990904,0.07649805,0.3500603
Test_1621,0.46878403,0.10733173,0.074414566,0.3494697
Test_1622,0.46767938,0.10823044,0.074631125,0.34945908
Test_1623,0.4692667,0.106868334,0.07444783,0.34941703
Test_1624,0.47116217,0.10820075,0.07411589,0.34652117
Test_1625,0.46568,0.11401373,0.07643896,0.3438673
Test_1626,0.45170987,0.10793296,0.08368725,0.35666993
Test_1627,0.45621735,0.12133777,0.07737936,0.34506553
Test_1628,0.4569947,0.11677812,0.080022216,0.3462049
Test_1629,0.46946073,0.10694061,0.07371269,0.34988588
Test_1630,0.4668274,0.105599955,0.07420161,0.35337102
Test_1631,0.45912495,0.111869,0.07902908,0.349977
Test_1632,0.4733182,0.10809212,0.072695166,0.34589455
Test_1633,0.46489272,0.11071706,0.07484814,0.34954208
Test_1634,0.45908573,0.113014534,0.0783039,0.34959584
Test_1635,0.45076734,0.1365018,0.08601335,0.32671753
Test_1636,0.46913543,0.11099385,0.07646739,0.34340337
Test_1637,0.46677035,0.10878322,0.07617222,0.3482742
Test_1638,0.48297793,0.10577808,0.07552994,0.33571398
Test_1639,0.46318933,0.10775333,0.07639124,0.3526661
Test_1640,0.46387348,0.1059238,0.07615703,0.35404572
Test_1641,0.46407172,0.10789808,0.07430917,0.353721
Test_1642,0.4729376,0.10891923,0.0735641,0.34457898
Test_1643,0.45829827,0.104408234,0.075181685,0.36211184
Test_1644,0.46577004,0.109109566,0.07699371,0.34812662
Test_1645,0.4619394,0.10731592,0.0804027,0.35034198
Test_1646,0.4499684,0.128964,0.086506136,0.33456147
Test_1647,0.4646312,0.11297618,0.07604335,0.34634927
Test_1648,0.46278012,0.117140576,0.07975652,0.3403227
Test_1649,0.45235637,0.11763968,0.081632845,0.34837112
Test_1650,0.47006273,0.10242458,0.07300938,0.3545033
Test_1651,0.4694095,0.111627415,0.07655434,0.34240872
Test_1652,0.45896977,0.11298928,0.081886515,0.34615448
Test_1653,0.46823204,0.111636855,0.07584152,0.34428966
Test_1654,0.4654233,0.11496221,0.07313831,0.3464762
Test_1655,0.4702281,0.10648837,0.07563337,0.34765014
Test_1656,0.46797276,0.110794075,0.07575669,0.34547654
Test_1657,0.47145838,0.107686065,0.07527786,0.34557766
Test_1658,0.46400335,0.104612865,0.07533947,0.35604432
Test_1659,0.46337697,0.10533145,0.07811545,0.35317615
Test_1660,0.46631905,0.10850634,0.07489687,0.3502777
Test_1661,0.4625799,0.10484706,0.07331998,0.3592531
Test_1662,0.46056417,0.10865759,0.07507757,0.35570064
Test_1663,0.46626836,0.11499654,0.078827076,0.33990797
Test_1664,0.4726577,0.10828668,0.07283324,0.34622246
Test_1665,0.4737855,0.11094149,0.073878355,0.34139466
Test_1666,0.45004836,0.118167184,0.08354959,0.34823483
Test_1667,0.46925232,0.109335974,0.075173214,0.34623843
Test_1668,0.4654686,0.11079528,0.07774405,0.34599203
Test_1669,0.4625516,0.10748434,0.08154297,0.3484211
Test_1670,0.4690074,0.101914726,0.07400527,0.3550726
Test_1671,0.46841264,0.10728028,0.07567843,0.3486287
Test_1672,0.49690127,0.10173756,0.07823989,0.3231212
Test_1673,0.46602952,0.107190505,0.07411054,0.35266945
Test_1674,0.45952326,0.11551548,0.07603912,0.34892216
Test_1675,0.47057757,0.117081635,0.075244345,0.33709645
Test_1676,0.46343336,0.10901897,0.07378457,0.3537632
Test_1677,0.46797708,0.103946954,0.07288038,0.35519558
Test_1678,0.4548656,0.12162048,0.07912015,0.34439367
Test_1679,0.46651137,0.10811001,0.07499853,0.3503801
Test_1680,0.4649152,0.10990666,0.07574587,0.3494323
Test_1681,0.4694974,0.11721527,0.07742117,0.33586615
Test_1682,0.46365717,0.11062249,0.077970624,0.34774968
Test_1683,0.4706607,0.111473866,0.07677324,0.34109217
Test_1684,0.47443995,0.10311928,0.07194209,0.35049868
Test_1685,0.4667914,0.108344,0.07444015,0.35042444
Test_1686,0.4744693,0.10891292,0.073149785,0.34346798
Test_1687,0.46814314,0.111257225,0.07414125,0.3464584
Test_1688,0.46175414,0.114771485,0.079197615,0.34427673
Test_1689,0.4641024,0.108485796,0.07562856,0.3517833
Test_1690,0.4679627,0.10724293,0.076113455,0.34868085
Test_1691,0.4705725,0.10989784,0.07562663,0.34390295
Test_1692,0.4586415,0.11370337,0.07666529,0.35098988
Test_1693,0.4686037,0.10856584,0.073099256,0.34973118
Test_1694,0.45154962,0.10950248,0.086723134,0.3522248
Test_1695,0.46541467,0.10766451,0.074719734,0.35220113
Test_1696,0.47909907,0.09592672,0.076452285,0.34852195
Test_1697,0.46429765,0.11297523,0.078512505,0.34421456
Test_1698,0.46046066,0.11460504,0.07627588,0.34865835
Test_1699,0.46120527,0.10768182,0.07474678,0.3563661
Test_1700,0.48802677,0.10321133,0.07127862,0.3374833
Test_1701,0.46566683,0.105997525,0.076285735,0.3520499
Test_1702,0.46551737,0.10611514,0.07594028,0.35242727
Test_1703,0.46351013,0.10806151,0.07698133,0.35144702
Test_1704,0.49764365,0.099564776,0.07224263,0.33054897
Test_1705,0.45950225,0.11193727,0.07543732,0.35312316
Test_1706,0.47286394,0.10572348,0.07240647,0.3490061
Test_1707,0.46658814,0.10357338,0.07514172,0.35469672
Test_1708,0.46204805,0.11819518,0.07704349,0.34271327
Test_1709,0.46343863,0.12850438,0.07865815,0.3293988
Test_1710,0.47898397,0.10873763,0.07824391,0.3340345
Test_1711,0.46367523,0.10800762,0.07501609,0.35330105
Test_1712,0.47216177,0.10792703,0.08236264,0.33754858
Test_1713,0.45980203,0.11305248,0.07853305,0.34861252
Test_1714,0.46636188,0.10942791,0.07350298,0.3507071
Test_1715,0.46108398,0.10374093,0.07536548,0.35980955
Test_1716,0.46733993,0.11001895,0.07399177,0.34864938
Test_1717,0.46760774,0.10158879,0.07409254,0.35671094
Test_1718,0.47317836,0.11346146,0.07398497,0.33937523
Test_1719,0.46964115,0.11325621,0.07745893,0.33964366
Test_1720,0.45184746,0.11747359,0.078765534,0.3519134
Test_1721,0.46674693,0.10441553,0.075318016,0.35351956
Test_1722,0.46564904,0.10852122,0.07780973,0.34802
Test_1723,0.48022595,0.102974325,0.07305951,0.34374022
Test_1724,0.4496451,0.14198412,0.083325915,0.32504478
Test_1725,0.456244,0.1097743,0.08165051,0.3523311
Test_1726,0.46083975,0.10894446,0.075692356,0.35452345
Test_1727,0.46457162,0.11297596,0.075145446,0.34730697
Test_1728,0.46267083,0.10841256,0.07678107,0.35213557
Test_1729,0.4585194,0.11640472,0.08048252,0.34459332
Test_1730,0.46170104,0.1113922,0.07511934,0.35178745
Test_1731,0.45901397,0.1087176,0.080981135,0.3512873
Test_1732,0.46816006,0.10802387,0.076225206,0.3475909
Test_1733,0.5089706,0.1066124,0.07913016,0.30528682
Test_1734,0.4624814,0.10901075,0.07581577,0.35269213
Test_1735,0.46185482,0.10629122,0.0779443,0.35390964
Test_1736,0.4624038,0.11292619,0.07681365,0.34785634
Test_1737,0.4660208,0.109714895,0.07465731,0.34960705
Test_1738,0.46711925,0.11291598,0.0744623,0.34550235
Test_1739,0.48132145,0.11330034,0.079904675,0.32547352
Test_1740,0.45346513,0.104270846,0.09103228,0.35123178
Test_1741,0.46128196,0.112664,0.075750574,0.35030338
Test_1742,0.4594241,0.110959835,0.07756745,0.35204867
Test_1743,0.46709615,0.11317791,0.07641537,0.34331056
Test_1744,0.46318492,0.113092415,0.08001199,0.34371063
Test_1745,0.4472208,0.11204144,0.08709157,0.35364622
Test_1746,0.46416155,0.10903966,0.077441156,0.34935755
Test_1747,0.46646428,0.108630635,0.07458598,0.35031915
Test_1748,0.46613094,0.1071945,0.07561918,0.35105538
Test_1749,0.4563665,0.12147502,0.08101741,0.34114102
Test_1750,0.46594742,0.110537514,0.07411287,0.34940216
Test_1751,0.46934757,0.112320065,0.07482636,0.34350592
Test_1752,0.46744207,0.108343095,0.07498733,0.34922746
Test_1753,0.46970052,0.10923796,0.075772434,0.3452891
Test_1754,0.46636426,0.10363452,0.073417656,0.35658348
Test_1755,0.4669383,0.108639985,0.075175345,0.34924632
Test_1756,0.46465567,0.11299656,0.07572006,0.34662774
Test_1757,0.46858937,0.10700035,0.07611055,0.34829983
Test_1758,0.4843999,0.10680798,0.07386571,0.33492637
Test_1759,0.46876156,0.107321225,0.07482793,0.3490893
Test_1760,0.45940638,0.10912639,0.084628366,0.34683877
Test_1761,0.47590807,0.10142091,0.071775965,0.35089505
Test_1762,0.46194994,0.10358144,0.07748556,0.35698304
Test_1763,0.46509016,0.1090789,0.07688057,0.34895042
Test_1764,0.46042287,0.10897128,0.079151616,0.3514543
Test_1765,0.46816486,0.1098761,0.07392401,0.348035
Test_1766,0.47884238,0.10312045,0.07231592,0.3457213
Test_1767,0.46626884,0.103332475,0.07424695,0.3561517
Test_1768,0.46316054,0.11282068,0.0773717,0.34664714
Test_1769,0.47211376,0.106180854,0.07433065,0.34737468
Test_1770,0.4669563,0.10984824,0.07382965,0.34936583
Test_1771,0.4618894,0.11869155,0.084235705,0.33518332
Test_1772,0.46575475,0.11152353,0.07912218,0.3435995
Test_1773,0.4663088,0.106204405,0.076342955,0.35114378
Test_1774,0.46783954,0.108249344,0.07276174,0.35114932
Test_1775,0.4726002,0.10570006,0.07664351,0.34505624
Test_1776,0.4644276,0.10626031,0.07416062,0.3551516
Test_1777,0.46257392,0.113075875,0.078482136,0.3458681
Test_1778,0.47516698,0.10507619,0.07154939,0.34820747
Test_1779,0.45404118,0.11750556,0.078552894,0.3499004
Test_1780,0.4594081,0.11654361,0.076180525,0.34786776
Test_1781,0.46521634,0.1165981,0.077406146,0.34077933
Test_1782,0.4632957,0.10957965,0.07647095,0.35065374
Test_1783,0.46666667,0.10954432,0.077179834,0.34660912
Test_1784,0.45747513,0.11492845,0.07700163,0.3505948
Test_1785,0.46998826,0.108026855,0.07429944,0.34768543
Test_1786,0.46441874,0.10566717,0.07390128,0.35601285
Test_1787,0.4644752,0.10649049,0.07470116,0.3543331
Test_1788,0.4824107,0.10813981,0.07521706,0.3342324
Test_1789,0.47112548,0.10715551,0.07557381,0.34614515
Test_1790,0.47244954,0.10037578,0.07211704,0.35505763
Test_1791,0.46744734,0.111664675,0.075700276,0.34518772
Test_1792,0.46298486,0.118802674,0.081249535,0.33696294
Test_1793,0.46261984,0.11718147,0.07705885,0.34313986
Test_1794,0.45434573,0.124972455,0.08275791,0.33792385
Test_1795,0.46410137,0.108971454,0.07445048,0.35247675
Test_1796,0.45539814,0.11511831,0.08151511,0.3479684
Test_1797,0.45590493,0.11124548,0.08057823,0.35227138
Test_1798,0.4687879,0.10934665,0.073403336,0.34846213
Test_1799,0.46898296,0.10401763,0.07275202,0.35424748
Test_1800,0.4687147,0.109106615,0.07312222,0.34905642
Test_1801,0.4650353,0.11284485,0.07409743,0.34802243
Test_1802,0.459958,0.112707265,0.07643032,0.3509044
Test_1803,0.4764936,0.11074862,0.07265838,0.3400994
Test_1804,0.47167936,0.10816883,0.080268785,0.339883
Test_1805,0.46279344,0.110443376,0.075217105,0.35154605
Test_1806,0.46613923,0.109604746,0.07441616,0.3498399
Test_1807,0.46103472,0.1079552,0.07716563,0.3538445
Test_1808,0.47906718,0.10476025,0.07394098,0.34223163
Test_1809,0.4721153,0.10317373,0.07446964,0.35024133
Test_1810,0.4661379,0.114258535,0.07860878,0.34099486
Test_1811,0.47307855,0.102072515,0.0752598,0.34958917
Test_1812,0.4612521,0.11360099,0.07785575,0.3472912
Test_1813,0.46338943,0.10832667,0.07446165,0.35382226
Test_1814,0.45535272,0.11950551,0.08076106,0.34438065
Test_1815,0.46041715,0.113512315,0.076683566,0.34938693
Test_1816,0.4610355,0.11161269,0.0783451,0.34900674
Test_1817,0.47046632,0.11155031,0.07705892,0.3409244
Test_1818,0.46859124,0.10944131,0.07522851,0.3467389
Test_1819,0.468804,0.10661935,0.07378738,0.3507893
Test_1820,0.46731353,0.11102653,0.074536815,0.3471231
